Santiago Lionel,Lorca,30904465,1999-03-17,2201
Agustin Emanuel,Zambrano,21689196,2000-05-10,9325
Tiago Nicolás,Rivera,34407251,2001-08-29,1033
Camila Rocio,Varela,37130775,1995-05-09,4179
Diego Agustin,Mamani,33259835,1991-01-08,1931
Marcos Nahuel,Rotman,28625624,2002-09-04,8117
Kiara Valentina,Basile,32250087,1987-05-17,7364
Joaquin Sebastian,Rivera,21104770,1980-12-11,7737
Milagros Jazmin,Sosa,37840762,1991-12-20,6219
Diego Alejandro,Sánchez,33132631,1987-07-29,3439
Rodrigo Gabriel,Varela,35387663,1999-07-11,1537
Gonzalo Joaquin,Leal,35404267,1994-04-01,7993
Tiago Benjamin,Saldaña,39589706,1986-09-19,464
Facundo Benjamin,Pérez,27469637,1990-12-16,6386
Antonella Belén,Rotman,21017805,1999-02-11,7090
Emilio,Santos,26465131,1995-12-27,9952
Ignacio Nahuel,Castillo,29789035,1981-05-09,34
Alan Leonel,González,28975550,1996-12-01,7297
Julieta Abigail,Mancuso,38048460,1989-01-27,4363
Maria Isabel,Santana,35109636,1991-07-19,3748
Ana Gabriela,Rodríguez,20322847,1989-03-01,9685
Sofia Ayelen,Pérez,20025664,1988-10-15,1674
Gianella,Rivera,34563722,1980-03-25,5200
Juan Segundo,Casares,31707681,1982-11-22,501
Ailen,Benítez,36688485,1992-09-18,365
Jonathan,Pérez,36556481,2003-10-05,416
Alex,López,24903795,1985-02-27,8870
Sol Agustina,Farina,37961297,1983-09-23,150
Tiago Agustin,Portillo,35595327,1999-08-25,6245
Ariadna,Agüero,29301126,2001-02-12,3548
Kiara Aylen,Surace,25488689,1987-02-19,6915
Javier,Nave,27932478,1987-07-23,475
Cristian Ezequiel,Hernández,29612281,1997-07-04,8644
Daniel Agustin,Borges,34109372,2003-04-11,3632
Juan Roman,Rojas,34498275,1983-05-13,7174
Leonardo Gabriel,Marino,23212056,1981-04-08,8123
Gonzalo Emanuel,Santos,25460140,1994-10-26,9058
Maximo Gabriel,Santos,24324515,1994-10-20,3818
Miguel Alejandro,Loreto,35954721,1980-06-09,5663
Gastón Ezequiel,Pérez,32725250,1992-08-24,3782
Rodrigo Emanuel,Moreno,27836237,1980-11-16,3584
Lucas Valentin,Sánchez,32684732,2003-10-02,7530
Brenda Magali,Gutiérrez,21102535,1987-03-27,4747
Lucas Matias,Maradona,24157753,2001-01-01,352
Fernando Agustin,Sala,23447363,1997-09-05,6818
Gonzalo David,Portillo,24845422,1992-11-10,9116
Lucas Ivan,Flores,20471656,1994-06-24,1638
Joaquín Emanuel,Castillo,33463285,1985-02-24,3045
Francisco Gabriel,Soto,24658027,1991-11-18,4856
Tiago Nahuel,Castro,22073023,1980-09-20,1980
Ezequiel Agustin,Flores,38262126,1982-08-23,5450
Cristian Daniel,Sala,29034529,2002-01-30,8205
Valentina Nahir,Rosso,26279586,1995-12-09,6915
Rocio Ailen,Sotomayor,37628215,1990-11-19,8318
Valentina Sofia,Nari,28413917,1983-06-02,3110
Tomas Leonel,Fava,36815862,1993-01-30,4970
Agustina Ailen,Mariani,23990518,1999-09-30,4655
Lucia Valentina,Huergo,30209599,1997-01-04,9626
Victoria Belen,Pereyra,26526190,1985-03-04,8181
Iara Belen,Benítez,21778852,1981-03-28,8278
Kiara Belen,Pineda,37030334,1980-06-15,6444
Antonio,Quispe,31176841,1982-01-04,9650
Lautaro Joel,Goicochea,39582518,1983-06-05,565
Jonathan David,García,31429250,1998-11-24,7868
Luciano Nahuel,Rómulo,34971716,1986-01-19,3977
Renzo,Mora,30910109,1997-01-13,6623
Camila Antonella,Rotman,20240135,1986-06-03,6788
Leonardo Ezequiel,Hernández,27991634,1980-11-23,2834
Cristian Ariel,Hidalgo,31837152,2002-08-16,6014
Brisa Abril,Godoy,24309570,1985-02-10,8991
Lourdes Milagros,Espinoza,33801994,2002-12-07,6139
Jimena,Casares,23392652,1981-02-05,1416
Lautaro Ismael,Casares,32954879,1987-03-13,7191
Micaela Abigail,Leiva,29530320,2001-06-16,8330
Alexis Daniel,Gómez,24200679,1995-01-20,1768
Luna Morena,Marchi,34299442,1991-12-21,2682
Mauro Ezequiel,Mamani,31859994,1997-03-07,8535
Lourdes Abigail,González,28162197,1981-10-18,6443
Agustin Ariel,Silva,22881865,1994-04-09,6070
Joaquin Tomas,Hoffmann,27944796,2003-07-11,8023
Franco Ariel,Farías,28169339,1990-02-07,484
Ariana Abigail,Ibáñez,25594255,1990-12-07,7689
Pablo Gabriel,Nari,33400149,1991-11-18,712
Lautaro Ivan,Pineda,35478788,1982-08-14,5054
Thiago Alejandro,García,22435130,1984-01-22,9718
Facundo Javier,Mejía,25048826,1985-01-23,9472
Santiago Matias,Rotman,38576076,2003-12-13,6448
Axel Joel,Pavón,21588464,1981-03-07,2791
Franco Valentin,Jiménez,27423553,1990-08-03,2762
Jose Gabriel,Zurich,27116144,1987-05-10,8228
Valentin Ezequiel,Martínez,26573110,2004-05-17,3718
Facundo Alejandro,Hoffmann,36167115,1984-08-01,201
Luciana Abigail,Flores,33869950,1981-01-11,3268
Mariano Agustin,Nave,23769596,1998-04-07,8841
Brisa Ailen,Leiva,30925064,1999-01-05,8983
Milagros Lucia,López,27098055,1991-09-14,3803
Ivan Alejandro,Leiva,27645568,1989-10-27,6626
Nicolas Ariel,Ramírez,26576026,1981-05-03,8417
Lucas Ignacio,Hoffmann,25950153,1998-09-28,5633
Alejo Agustin,Duarte,38618547,2004-04-06,9466
Sol Valentina,Vargas,25125952,1997-10-16,5788
Priscila Abril,Martínez,38466819,1981-04-24,7522
Luka,Agüero,22925249,1999-01-11,4411
Mauro,Pedone,34204561,1989-03-17,8978
Facundo David,Duarte,38053506,1992-01-18,9976
Agustin Sebastian,Sala,20995239,1999-04-16,93
Jonathan Gabriel,Leiva,34485413,1999-12-11,6286
Kevin Leonel,Moreno,34226329,2001-05-26,8396
Camila Valentina,Villalba,34747200,1984-03-17,2117
Agustin Nahuel,Maradona,27715748,1995-01-30,8498
Tobias Valentín,Fazzi,29260714,1980-11-21,9197
Brisa Antonella,Vera,26031735,1999-03-27,3366
Gregorio,Carrizo,30241653,1996-11-05,6981
Donato,Silva,29998476,1993-11-09,919
Axel Ariel,Huergo,30924175,1990-12-24,7882
Martina Guadalupe,Huarte,20885854,1990-05-31,5975
Melany,Maradona,32821471,1996-08-15,9338
Maria Alejandra,Abadía,34886103,1981-12-15,9083
Pablo Sebastián,Varela,39077892,1990-01-05,3274
Gabriela,Farías,20645852,2002-11-30,8269
Agustin Tomas,Farías,29635032,1980-04-21,6773
Abril Micaela,Castillo,21753538,2001-09-22,7945
Valentin Nicolas,Galán,39951086,1994-03-14,5845
Camila Victoria,Vasile,22585587,1989-06-07,6789
Diego Ezequiel,Goicochea,25484773,1994-01-17,5670
Enzo Nicolás,Villalba,28661370,1987-06-06,25
Elias Benjamin,Maradona,27171599,1981-02-27,8822
Maximo Nicolas,Sorbera,33666783,2000-03-09,8849
Camila Guadalupe,Morales,27041308,1996-03-06,5425
Berenice,Villalba,30677560,1985-05-14,7506
Luciano Martin,Saldaña,31419924,2001-07-02,9828
Valentina Pilar,Álvarez,23474471,1982-03-23,458
Brisa Agustina,Reyes,39123425,1997-01-03,3761
Franco Martin,Basile,22964362,2000-03-21,2903
Kevin Uriel,Arredondo,22490294,1991-06-09,9023
Lucas Tomás,Arellano,38386490,1994-09-30,9575
Dylan Nahuel,Schapira,37298338,1999-09-26,2961
Marcos David,Farina,24017793,1984-05-14,1500
Brisa Belen,Maradona,22213134,2004-07-27,9028
Federico Gabriel,Reyes,25158945,1987-01-15,4182
Mirko,Pavón,34396268,2003-10-31,531
Tiago Ezequiel,Martínez,20705712,1991-08-07,1154
Natalia,Pineda,26319247,1981-12-08,1363
Matías Javier,Nave,26405446,1996-12-25,273
Ariel Alejandro,Amenedo,22626512,1993-07-20,7421
Solana,Delgado,20048025,2002-02-04,238
Milagros Celeste,D'Elia,28954498,1994-06-14,4607
Luz,Ramírez,37328366,1997-05-03,4088
Mia Abril,Díaz,32904778,2003-12-22,4401
Facundo Manuel,De Luca,35637612,1983-05-11,1793
Guido,Arellano,37749931,1996-07-26,3024
Adrian,Basile,34214312,1987-06-09,5643
Luciano Andres,Sojero,23385395,1980-04-22,4756
Milagros De Los Angeles,Vargas,38379532,2002-01-11,1138
Candela Lucia,Gonzales,25504380,1989-05-30,2743
Nahuel Nicolas,Gómez,32699860,1987-08-02,2615
Kevin Gabriel,Fornerón,34112271,1986-05-03,4181
Gonzalo Benjamín,Leal,20421847,2003-12-29,8640
Cristian David,Totora,25134334,1987-07-05,2754
Agustin Ignacio,Farías,22176632,1990-11-14,4471
Lucas Damian,Moreno,39559098,1996-01-02,4824
Carlos Alberto,Farías,33114579,2002-08-12,7449
Juan Daniel,Salem,27531133,1993-03-21,5275
Elena,Reyes,30191244,1994-06-24,8134
Kiara Agustina,Castro,28309290,1985-06-22,7762
Matilda,Moreno,31458134,2004-05-19,1870
Abril Antonella,Hernández,31134443,1991-06-23,387
Lionel Agustin,Rebollo,33092255,1994-04-30,5111
Segundo,Salamone,33738684,1985-05-15,6333
Angela,Demichelis,31044987,1993-05-01,5625
Rocio Abril,Rivera,28049321,1986-02-22,6896
Daiana,Rodríguez,20918705,1987-12-11,3080
Axel Maximiliano,Hernández,22805508,2002-11-15,4233
Alan David,Marini,33147606,1994-08-22,1781
Florencia Micaela,Sosa,36277148,2003-03-22,4152
Diego Nicolas,Sojero,36108379,2002-01-28,8357
Mauricio Nicolas,Scioti,39499965,1983-05-13,3425
Priscila Milagros,Huarte,28581696,1992-03-15,9922
Maria Catalina,Gómez,35464778,1998-05-12,7072
Axel Javier,García,23759022,1999-05-22,341
Victoria Valentina,Rosso,29551822,1999-03-19,3692
Martiniano,Sala,32206030,1993-05-07,292
Juan Diego,Sánchez,28901425,1982-05-17,6509
Diego Armando,Arellano,21140419,1989-04-11,2399
Agustin Maximiliano,Castro,33244888,1988-05-15,578
Maria Trinidad,Villalba,39120916,1987-02-10,2625
Margarita,Marín,29250837,1986-09-22,7301
Evelyn,Godoy,27006807,1985-02-06,8295
Diego Martin,Rebollo,28280681,1989-03-08,6990
Alexis Sebastian,Farina,32729973,1995-08-21,8924
Priscila Jazmin,Santos,28536973,1992-12-24,3614
Julieta Agustina,Agüero,23261311,1991-04-02,8463
Brenda Abigail,Lorca,20763831,1987-05-31,7386
German,Pedone,34525509,1981-03-28,3656
Axel Rodrigo,Fornerón,24534309,1993-04-02,8583
Kevin Joel,Casares,39657306,1980-02-04,502
Micaela Soledad,Rosso,36297888,1989-10-28,6470
Jose Fernando,Morales,34380105,1990-04-25,9434
Francisco Ezequiel,Rodríguez,35079455,1992-05-30,5263
Franco Javier,Scioti,32765329,1999-12-12,6984
Federico Nahuel,Portillo,30242521,1987-05-09,963
Kevin Alejandro,Reyes,23443672,1984-09-09,4892
Nicolas Daniel,Pérez,31183601,2000-02-04,2059
Priscila Ailen,Zurich,29857805,1993-04-04,3475
Maria Elena,Fernández,32660247,2003-03-27,777
Cristian Alejandro,Gonzales,37439537,1995-12-18,5019
Celeste Milagros,Varela,33552232,1998-10-23,1158
Priscila Nicole,Scioti,20376725,1997-02-11,1252
Maximo Joaquin,León,36414099,1986-09-25,5084
Micaela Aylen,León,35424909,1991-08-19,4880
Ezequiel Nicolas,D'Elia,37289039,1989-07-04,2592
Rocio Jazmin,Portillo,31313249,1999-05-12,6818
Candela Guadalupe,Sotomayor,28367629,1984-07-29,9255
Franco Lautaro,Giordano,29523698,1982-11-19,4134
Maria Mercedes,Castillo,28356794,2002-03-03,2136
Axel Sebastian,Vasile,22461266,1993-11-09,138
Kevin Ariel,Portillo,28546760,1981-04-20,9186
Candela Ailen,Mariani,33575020,1988-02-03,621
Brandon Ezequiel,Pedone,38033754,1999-02-09,9676
Juan Ramon,Valenzuela,25638901,1985-05-30,3565
Angeles,Flores,39387196,1996-12-26,9343
Axel Benjamin,Zurich,27573524,2003-10-06,7550
Faustina,Salvador,38024379,1997-01-24,2810
Axel Emanuel,Nari,21672432,1983-05-07,8337
Alina,Lorca,34362973,1990-08-02,613
Paula Valentina,Andrade,38030827,1983-05-17,6192
Thiago Daniel,Totora,38588163,1987-05-25,3283
Sabrina,Vasile,35598929,1995-10-19,5684
Nicolas Nahuel,Salvador,21179346,1989-02-21,1622
Pablo Daniel,Rebollo,24348950,1988-10-17,3371
Nicolas Andres,Hoffmann,28077918,1997-11-11,9394
Maria Antonella,Marín,21172428,2002-09-02,7093
Martina Pilar,Varela,21030209,1999-01-06,9689
Bautista Ezequiel,Rivera,25729822,1995-03-12,3180
Lara Agustina,Pinedo,31431709,1999-04-07,8066
Joaquin Ariel,Gonzales,39694174,1982-03-17,1710
Tomas Uriel,Nari,23118056,1988-01-03,6390
Lautaro Maximiliano,Vasile,38854417,1990-04-15,4850
Santiago Román,Amenedo,31530518,1994-03-11,8259
Valentina,Santos,34220500,1995-10-24,8188
Santiago,Sosa,21795517,1980-06-06,281
Martina,Villalba,35828583,1996-01-07,5330
Joaquin,Lorca,24869816,1990-02-19,6591
Juan Ignacio,Saldaña,26932679,1989-08-22,4609
Sofia,Gonzales,28092453,1985-06-07,296
Tomas,González,21321046,2002-03-22,2571
Bautista,Maradona,26529875,2000-08-11,3290
Mateo,Vargas,33951488,2002-08-11,5369
Catalina,Vargas,22989374,1999-04-29,9229
Benjamin,Hoffmann,36776169,1985-06-12,2214
Agustin,Amenedo,24400101,2001-06-30,5555
Santino,Godoy,39568913,1998-04-05,7032
Juan Cruz,Pineda,38560361,1991-01-28,3490
Camila,Pérez,36746786,1989-06-14,4366
Francisco,Rojas,39054126,1986-09-28,1579
Ignacio,Scioti,39899807,1995-12-27,6213
Lautaro,Rivas,26454417,1996-09-19,8972
Juan Pablo,Scioti,27930624,1986-04-09,5633
Valentino,Salem,20173344,1998-03-28,8754
Lucia,Rotman,39045077,1999-04-11,7938
Delfina,Nessi,29925842,1995-11-07,8724
Agustina,Sorbera,38852676,1994-10-30,3844
Abril,Delgado,31697271,1980-03-04,1070
Victoria,Álvarez,34277360,1995-02-14,661
Guadalupe,Borges,28487152,1981-01-25,1387
Nicolas,Gutiérrez,34770462,2003-08-02,2179
Valentín,Jiménez,37529515,1981-07-13,2780
Julieta,Agüero,37973173,1986-03-16,2728
Morena,Nave,39443283,1986-03-17,8818
Candela,Pedone,20270416,2003-06-13,3489
Milagros,Carrizo,25559492,1992-11-30,4391
Facundo,Abadía,25364789,1980-08-05,5443
Matias,Hoffmann,33546100,1988-12-19,9833
Maria Victoria,Muñoz,32253865,2004-05-03,8288
Josefina,Giordano,20821648,1981-04-01,4182
Franco,Scanone,33191811,1995-08-09,6031
Juan Manuel,Fornerón,33038394,1997-03-15,5551
Felipe,Arredondo,25584196,1991-11-28,5575
Juana,Vasile,23460095,1993-10-24,1866
Lucas,Pavón,34083855,1985-08-19,4771
Maximo,Goicochea,27218719,1998-12-16,3853
Pilar,Zambrano,22075324,1996-07-05,9895
Juan Bautista,Lorca,25783505,1989-03-23,8008
Lautaro Ezequiel,Rojas,23785932,1986-08-06,2217
Thiago,Ramírez,28292504,1994-01-01,9502
Malena,Giménez,23939449,1991-10-11,9030
Lola,Schapira,34210410,2000-06-07,1708
Mia,Marín,31259603,1986-09-15,5254
Santiago Nicolas,Zurich,39514047,1991-06-07,641
Matias Ezequiel,López,22347768,1983-01-09,6661
Martin,Galán,33358316,1980-10-04,1199
Ana Paula,Valenzuela,34220380,1981-04-14,6229
Tomas Agustin,Vera,24519477,1983-06-06,2413
Manuel,Andrade,31262917,2000-01-26,2048
Agostina,Loreto,29355257,1991-01-12,5585
Ramiro,Espinoza,35249951,1981-11-02,1879
Constanza,Arredondo,38557745,1992-08-17,9624
Maria Belen,Giordano,27317294,1982-06-16,6193
Luca,León,36487830,1995-06-06,1255
Bruno,Gonzales,26369298,1998-02-04,9351
Micaela,Arellano,27969503,1986-11-10,9015
Lara,Pavón,36610281,1996-11-27,3665
Federico,Mejía,36751823,1987-08-12,9272
Lautaro Agustin,Díaz,38021814,1993-06-07,1339
Julian,Reyes,21870684,1992-09-05,4370
Lautaro Nicolas,Arredondo,28794048,1999-06-17,5978
Bianca,Sberna,34985467,1980-11-04,4842
Tobías,Basile,32349556,2000-12-31,9247
Renata,Morales,32971690,1990-02-20,8753
Pedro,Schapira,37278116,1985-07-08,1872
Gonzalo,Rodríguez,23009555,2003-06-20,7500
Sofía Belén,Surace,29291074,1983-05-23,4541
Lautaro Benjamin,Casas,31376635,1997-04-01,1765
Florencia,Pedone,35242753,2002-05-15,749
Juan Gabriel,Santana,28178805,1989-12-01,4845
Rocio Belen,González,21181541,1989-07-02,202
Lautaro Nahuel,Borges,28578805,2003-12-21,238
Miguel Angel,González,37750771,1994-07-23,1502
Santiago Agustin,Hoffmann,24531521,2000-09-09,6775
Sebastian,Raimundo,21667870,2002-10-12,1885
Emilia,De Luca,23077091,1998-11-04,655
Jazmin,Delgado,38921808,2002-07-30,3078
Clara,Jiménez,25470754,1992-10-26,3926
Camila Belen,Santana,27554653,1988-05-31,9614
Jeremias,Gonzales,30818334,1999-02-10,6897
Mora,Ramírez,36137633,1993-11-10,2654
Luciano,Silva,21395477,1980-06-28,1893
Alejo,Sánchez,31025738,1983-09-14,7387
Julia,Rotundo,28490604,1993-11-13,2742
Maria Valentina,Abadía,31238694,1998-08-04,3955
Rocio,Pinedo,39964048,1994-04-27,2604
Antonella,Delgado,28916192,1985-04-26,1684
Simon,Rómulo,33511754,1986-07-28,7128
Maria Sol,Farina,36654151,1983-03-15,6197
Lucas Ezequiel,Rotman,31400254,1985-01-16,8895
Maria De Los Angeles,Ramírez,36684477,2003-12-10,4817
Guillermina,Nessi,32319389,1988-09-23,9014
Valentina Abril,Andrade,26736124,1994-07-27,4151
Matias Nicolas,García,29018943,1990-03-10,7815
Paloma,Agüero,39473543,1987-11-08,5152
Maria Emilia,García,38534179,1982-12-05,1640
Juan Martin,González,29972622,1990-11-14,3401
Ezequiel,Ramírez,24460073,1990-10-17,5200
Facundo Nicolas,Hoffmann,31242033,1986-12-18,649
Paulina,Salvador,28198798,2001-07-30,446
Maria Jose,De León,24750291,1980-10-27,172
Juan David,Santana,36275989,1992-04-16,4842
Lautaro Gabriel,Mamani,21343255,1986-06-09,9774
Juan Jose,Rojas,22476486,1987-10-03,5246
Tiziano,Sánchez,21620385,2004-02-03,7370
Lorenzo,Mancuso,25373972,1982-11-01,6410
Santiago Ezequiel,Santos,28994491,1995-11-29,5132
Maria Luz,León,29055367,2001-04-20,6529
Lourdes,Lorca,20878920,1981-10-19,1031
Agustin Ezequiel,Portillo,25045640,2000-06-04,1051
Angelina,Pedone,20909766,1998-06-13,5199
Ludmila,Farina,36058379,1992-11-22,9854
Maria Paz,Gutiérrez,30819887,1980-04-29,7468
Priscila,Marchi,31576095,1982-03-18,1824
Milagros Belén,Demichelis,26394707,2003-10-14,4097
Marcos,Mora,25307576,2002-03-27,3525
Nahuel,Díaz,26938029,2002-03-22,8895
Milena,Marchi,27014386,1994-07-29,7682
Luciana,Hoffmann,30286890,1991-08-05,5829
Agustina Belen,Sotomayor,33931831,1986-09-11,4244
Tomas Ezequiel,Carrizo,29014651,2001-01-09,3001
Nicolas Agustin,Rivera,24681639,1983-10-05,8873
Giuliana,Rotman,23486967,1983-09-25,3405
Santiago Gabriel,Salazar,25330824,1992-07-08,5035
Juliana,Sojero,20834219,1982-07-29,3263
Ivan,Marchi,33743803,1993-08-01,4036
Maximiliano,Casas,38175749,1983-10-22,5905
Maria Guadalupe,Goicochea,29798566,2003-10-05,1333
Isabella,García,24911392,1984-07-23,4600
Santiago Tomas,Rodríguez,22363758,2000-05-26,1464
Angel Gabriel,Rómulo,36523583,1995-07-02,7338
Jose Luis,Mejía,39673489,1988-11-01,1482
Santiago Nahuel,Santos,28068165,1983-09-12,9410
Gabriel Alejandro,Arredondo,24701969,1993-10-26,5552
Tiago,Raimundo,37269027,1984-03-10,3726
Joaquín Ignacio,Álvarez,37195920,2000-10-05,6397
Carolina,Mamani,34758627,1998-09-03,5026
Candelaria,Flores,28897256,1995-01-13,672
Octavio,Espinoza,39060832,1995-08-11,5361
Jose Ignacio,Abadía,35177890,1996-08-21,3060
Sol,Casas,31117195,1984-05-07,5189
Juan,Hoffmann,30077999,1985-08-19,9486
Lucia Belen,Borges,26193343,1995-03-01,4961
Dante,Rotundo,26735990,2003-07-27,4027
Franco Ezequiel,Abadía,20602104,1985-03-22,5477
Lucas Gabriel,Carranza,22203362,1985-01-27,1653
Lautaro Joaquin,Saldaña,21445207,1993-07-23,8916
Juan Francisco,Sorbera,38317044,1988-01-26,9486
Geronimo,Reyes,27131093,1986-10-09,9764
Emiliano,Salem,36692663,2004-02-05,1508
Emma,Raimundo,30551028,1989-08-13,4015
Gabriel,Sberna,21894986,1983-02-26,3607
Maria Agustina,Saldaña,37541738,1989-09-18,333
Agustin Nicolas,Agüero,34623842,1996-08-17,3993
Olivia,Marini,26402080,1984-06-26,6582
Rodrigo Alejandro,Loreto,35936116,1981-07-30,1185
Nicolas Ezequiel,Mejía,24855539,1992-07-14,4391
Maria Eugenia,Pereira,33834389,1996-09-04,9030
Joaquin Ezequiel,Nave,33496953,1992-07-17,1161
Lautaro Daniel,Pérez,29061016,2001-06-09,1230
Juan Carlos,Mora,27226857,1991-09-09,352
Maia,Fornerón,21531718,1994-05-16,162
Milagros Valentina,Hernández,20167754,1984-03-25,4764
Milagros Abril,Sotomayor,36214397,1986-02-15,5884
Franco Agustin,Casas,39562856,2000-06-21,8081
Brisa,Giménez,38651378,1995-02-10,7681
Leonel,Fornerón,21204341,1982-04-13,2526
Zoe,Gonzales,20381686,2004-04-02,1653
Augusto,García,20760172,1989-11-03,8215
Lisandro,Rojas,30787602,1985-07-20,5375
Abigail,Surace,24378662,2001-03-25,1263
Lucio,Zurich,23554137,1992-08-11,8343
Alma,Nari,24855436,1993-02-11,2838
Amparo,Vera,38491765,1999-10-08,2942
Facundo Ezequiel,Goicochea,23895488,1987-01-23,2450
Salvador,Rotundo,32056299,1995-05-20,2318
Rodrigo,Jiménez,32865722,2004-05-17,5239
Thiago Agustin,Casas,26834059,1999-05-06,5007
Matias Nahuel,Leal,28923206,1988-07-09,1751
Franco Nicolas,Morales,38794257,1997-04-30,8427
Gonzalo Ezequiel,Leiva,24875017,1981-06-04,9861
Ignacio Agustin,Salazar,21666127,1982-05-12,4808
Lautaro Leonel,Goicochea,32433141,1985-10-30,2069
Magali,Hernández,25755552,1995-03-23,3387
Matias Agustin,Farina,35915440,1983-08-08,2321
Santiago Benjamín,Pineda,39300279,1989-07-23,8937
Milagros Ayelen,Mariani,25183563,2001-09-15,520
Milagros Abigail,Marino,32991209,2003-09-27,5178
Tiziana,González,33902306,2004-07-28,9059
Maitena,Santana,28016026,1980-04-03,3365
Santiago Ariel,Quispe,20688272,1997-07-21,2918
Tatiana,Ibáñez,36913453,1988-08-03,4897
Valentina Abigail,Rebollo,33779141,1996-08-30,7088
Maria Milagros,D'Elia,21413273,1982-09-30,8806
Tomas Benjamin,Carrizo,21676232,1993-08-23,2586
Santiago Martin,Maradona,37726656,1993-09-03,795
Rodrigo Ezequiel,Surace,33796590,2002-06-13,4051
Melina,Nari,37579117,1984-02-06,4138
Paula,Gómez,33362906,2002-10-02,1055
Violeta,Pineda,39265003,1986-12-05,7318
Franco Nahuel,Rosso,32364958,1981-02-05,7047
Luisina,Pérez,25082917,1985-04-19,8999
Maria Pia,Vasile,26837432,1992-11-21,4099
Ana,Valenzuela,38502659,1983-03-11,8869
Lucas Agustin,Hidalgo,39556925,1990-02-24,7199
Maria Lujan,Salem,22318755,2000-02-26,8815
Milagros Agustina,Marini,26737048,1994-04-06,7427
Mateo Nicolas,Villalba,32194406,1987-11-08,178
Matias Gabriel,Mariani,25308218,1983-02-17,6483
Jeronimo,González,34806944,2004-06-09,5548
Facundo Nahuel,González,23828624,1990-01-15,2810
Facundo Gabriel,Maradona,21933836,1981-02-07,4226
María Florencia,Rivas,28244838,1991-06-02,7959
Mariano,Álvarez,33628840,1992-12-15,399
Luna,Rivas,21530796,2002-06-12,6826
Trinidad,Marín,35694046,1998-05-04,9348
Milagros Aylen,Ibáñez,27554399,1996-08-13,309
Matias Alejandro,Muñoz,30141493,2001-12-24,1021
Santiago Daniel,Saldaña,21492360,1984-06-22,5815
Ludmila Abigail,Mora,30408027,1982-02-03,9503
Kiara,Carranza,33569183,2002-03-18,2265
Alejandro,Santana,23286661,1991-01-05,9724
Thiago Nicolas,Rotman,26651400,2003-09-15,2050
Emanuel,Farina,34392142,1999-06-14,2269
Santiago Leonel,Marino,20716359,1988-01-31,4245
Axel Gabriel,Espinoza,23824586,1999-04-25,4536
Benicio,Portillo,23712849,1989-02-28,6517
Francesca,Marchi,27768947,2003-03-30,9241
Sofía Valentina,Morales,38947372,1986-07-21,6571
Juan Sebastian,D'Elia,29172677,1994-02-08,2820
Ignacio Nicolas,Marino,21705313,2003-06-13,1462
Lautaro Tomas,Soto,30726669,1993-02-10,3826
Lucas Nahuel,Marín,36061555,1994-04-05,7962
Lucila,Fava,26325108,1980-07-28,122
Maria Celeste,Rebollo,25757764,1983-09-09,2909
Valentina Belén,Schapira,29355834,1998-11-11,8662
Priscila Abigail,Demichelis,29592320,1990-06-18,5197
Lautaro Valentin,Totora,36816275,2001-03-22,8206
Ciro,Ibáñez,24963679,2001-10-23,7181
Lautaro Emanuel,Rotundo,31864859,1986-09-07,3698
Thiago Benjamin,Rotundo,20750366,1984-09-05,3905
Luis Fernando,Rotman,30789732,1984-06-10,5127
Maria,Castro,32665820,1980-03-29,8111
Alvaro,Andrade,33384718,2003-11-14,7845
Candela Abigail,Hernández,32446141,2002-04-09,3687
Joaquin Alejandro,Varela,33010076,1983-02-20,6754
Genaro,Moreno,34787474,2000-08-29,5520
Magdalena,Sánchez,23690057,1988-08-10,9181
Agustin Alejandro,Arredondo,20580210,2000-12-25,4509
Santiago Valentin,Marín,29366596,2001-05-25,3595
Santiago Emanuel,Raimundo,31367923,2000-07-25,789
Santiago Joaquin,Rosso,35282625,1984-06-14,1172
Martin Alejandro,Sánchez,25281343,1992-02-29,8383
Thiago Nahuel,De León,33199892,1997-04-25,6040
Mateo Benjamin,Basile,36485430,1997-06-08,2612
Franco Gabriel,Pereira,27063761,1983-04-16,8382
Facundo Agustin,Casares,22228800,1998-03-29,3339
Lautaro Sebastian,Rivas,26025922,1984-05-03,5108
Milagros Soledad,Casares,23097585,1993-05-17,4894
Ana Laura,Pereyra,29812701,1980-07-10,4908
Lautaro Martin,Pavón,27320611,1982-02-28,9049
Celeste Abigail,Carrizo,31901607,1996-01-18,6088
Nicole,D'Elia,39340658,1996-11-05,2706
Abril Agustina,Rodríguez,37112363,1999-02-20,7614
Nicolas Alejandro,Pérez,26847390,1984-08-08,9741
Lucas Daniel,Lorenzo,27762709,1985-02-07,1392
Micaela Belen,Contreras,36789030,1993-06-18,2019
Chiara,Salamone,23432043,1988-04-24,9930
Victoria Abril,Rodríguez,38695479,1985-10-27,8420
Manuela,Rotman,29712707,1994-03-18,9359
Ulises,Scioti,35103095,1985-04-21,6180
Franco David,De León,32064603,1980-04-09,2888
Santiago David,Carranza,26709146,1994-01-16,2552
Tomás Valentin,Mancuso,22260043,2002-03-10,4105
Gonzalo Nicolás,Rivas,24634690,1987-10-04,6991
Uriel,Fava,37925200,1982-08-12,3565
Joaquin Nicolas,Basile,33834486,1989-03-14,9330
Thiago Valentin,Schapira,34280864,1986-12-09,854
Román,Mora,31377922,1998-07-13,8110
Luciano Gabriel,Soto,29700746,1985-02-20,6448
Camila Aylen,Gonzales,32730349,1999-09-17,5701
Mia Valentina,Martínez,25338421,1986-01-16,6291
Thiago Ezequiel,Maradona,31748534,2000-05-10,8438
Fiorella,Gutiérrez,27886260,1982-02-09,2700
Celeste,Giordano,29412988,1990-10-05,8916
Avril,Demichelis,20521919,1998-12-03,666
Luciano Nicolas,Mariani,38955126,2003-07-31,8588
Valentina Aylen,Santos,39361713,1991-07-22,1481
Martina Belen,Basile,22766460,2003-06-06,4180
Tomás Alejandro,Flores,28609727,1997-03-04,1655
Martin Ezequiel,Carrizo,37394651,1994-04-30,4383
Luciano Agustin,Benítez,34896282,2001-01-06,1371
David,López,20125427,1990-03-23,2279
Mateo Agustin,Rotundo,38791623,1999-12-27,1343
Candela Belen,Flores,23347687,1980-10-27,7291
Franco Leonel,Rotundo,29904319,2001-02-08,3948
Kevin,García,27075782,1998-12-13,6264
Ludmila Ayelen,Leiva,32882411,1991-08-26,7092
Abril Valentina,Salamone,20742715,1986-12-17,6508
Felicitas,Marini,33033382,1997-10-29,2699
Camila Ayelen,Arellano,20305884,1995-08-06,5332
Marcos Gabriel,Sojero,24973889,1995-09-18,7178
Nahuel Agustin,Mariani,31243290,2001-12-29,2069
Julieta Valentina,Hernández,23391353,2001-04-16,7994
Candela Agustina,Marchi,32268601,2000-10-06,3473
Kevin Ezequiel,Arredondo,33691028,1983-11-25,1952
Luciano Ezequiel,Marino,23987003,1997-09-09,7065
Andres,Leal,33093848,1988-01-06,9841
Leonel Agustin,Varela,21915559,2004-03-24,8749
Ian,Pavón,37295141,2001-07-09,6688
Braian Ezequiel,Arredondo,23980067,1990-07-27,1934
Valentina Milagros,Basile,29286228,1994-11-08,4841
Rocio Milagros,Mariani,38379292,1990-10-14,4549
Axel Uriel,Casares,27760143,1995-02-09,4066
Milagros Ailén,Scioti,38208110,1991-05-18,6207
Fausto,Lorenzo,36448892,1990-03-11,9164
Tadeo,Salazar,22005047,1986-04-27,65
Daniel Alejandro,Castillo,32773253,2002-01-26,3110
Axel Nahuel,Mamani,36281338,1988-09-02,8656
Camila Agustina,Ibáñez,27492340,2003-11-09,7188
Luz Milagros,Rómulo,22215266,1999-05-06,9487
Luana,Marín,27247799,2000-03-02,344
Matias Leonel,Goicochea,30764744,1985-12-23,504
Ornella,Giordano,36842099,1990-07-12,9922
Enzo,Farina,22924393,1981-11-24,3968
Brian Ezequiel,Rotman,36476152,1981-10-23,4266
Ludmila Belen,Giordano,31312660,1985-03-26,3385
Belen,González,25950680,2001-11-24,2832
Gaspar,Maradona,28581236,1989-01-19,4665
Lionel,Pereira,38622465,2003-10-16,2431
Uma,Díaz,24158086,1998-06-24,8885
Nicolas Gabriel,Ramírez,26502455,1995-09-10,3284
Oriana,Goicochea,34720434,1988-11-10,4476
Ignacio Gabriel,Rivas,24349232,1980-03-23,5097
Justina,Díaz,36498501,1993-03-28,9596
Sofia Magali,Gómez,37936335,1997-05-26,4110
Lucas Martin,Leal,21617628,1986-08-26,7313
Alexander,Farías,27798923,1995-07-16,2752
Ignacio Joaquin,Totora,23155864,1983-08-16,8935
Leandro,Pineda,23446643,1988-04-23,5848
Sofia Micaela,Sánchez,34294966,2004-05-12,8041
Luz Maria,Salvador,31823917,1997-07-31,6880
Matias Benjamin,Casas,27329530,1993-03-02,1995
Rosario,Pérez,35421456,2003-08-30,3423
Axel Leonel,Rotman,28296696,1984-10-24,9347
Candela Abril,Rosso,24422149,1981-04-20,6279
Gonzalo Agustin,Hoffmann,32865606,1998-12-10,3355
Rodrigo Nicolás,Raimundo,32847838,1990-01-20,4653
Thomas,Silva,26572404,1988-06-29,1771
Ana Clara,Giordano,28905424,1982-10-27,395
Fabricio,Vargas,22310241,1985-06-14,1934
Brisa Abigail,Muñoz,28344006,1998-03-04,9327
Axel,De León,25147870,2002-12-05,216
Maria Del Pilar,Carranza,34070745,1985-07-26,8933
Gianluca,Sosa,24990280,1988-06-26,4856
Fermín,Castro,22472882,2004-08-12,2237
Iara,Álvarez,22825308,1983-07-21,1231
Tomas Gabriel,Demichelis,29859854,1991-10-13,8198
Julieta Belen,Zambrano,20955195,1989-12-28,6123
Lautaro David,Rivera,29786716,1989-03-02,9381
Axel Fernando,Surace,32093003,1991-09-07,5099
Sofia Victoria,Rivera,24827147,2000-11-14,7162
Ambar,Sosa,38672682,1989-07-07,8241
Pablo Ezequiel,Rotundo,22201966,2001-02-06,5846
Juan Andres,Fornerón,36900019,1982-04-03,8657
Ana Belen,Flores,34123792,1996-10-08,5303
Sofia Aylen,Fazzi,29309599,1987-02-08,13
Alan Gabriel,Soto,32345157,1988-12-01,2029
Lucas Leonel,Rosso,26965920,1996-11-16,7246
Maximiliano Ezequiel,Flores,31717901,1991-08-22,7365
Camila Abigail,Salazar,25904372,2002-08-18,5737
Candela Valentina,Vargas,22618056,1992-11-12,4993
Nahuel Alejandro,Huergo,26039161,1989-10-21,8835
Gabriel Agustín,Giordano,25589791,1993-10-12,6543
Benjamín Ezequiel,Benítez,32586832,1989-04-28,5560
Matias Daniel,Nessi,35124605,1984-01-11,9362
Lucas Ariel,Hernández,23338097,1981-11-13,8065
Tomas Ignacio,Morales,25817964,1992-12-02,1852
Alan Ezequiel,Leal,21798621,1999-09-07,6185
Sara,Huarte,38310119,2001-03-04,6265
Camilo,Nari,21318561,1995-06-23,3340
Agustina Micaela,Arredondo,33828640,1990-08-04,9124
Facundo Daniel,Ibáñez,27087039,1984-09-17,63
Lourdes Valentina,Giménez,30973683,1982-12-09,4548
Gaston,Galán,39918374,1990-06-19,9800
Francisco Javier,Pinedo,32773712,1981-08-16,8371
Candela Milagros,Nave,32661651,1996-04-23,3258
Sofia Milagros,Huergo,24820295,1988-05-16,7562
Maria Candela,Mora,23513012,1992-05-22,9844
Lucas Emanuel,Jiménez,39611957,1990-09-01,8469
Fernando Jose,Reyes,30316130,2003-03-15,6700
Daniel,Amenedo,21712243,1993-01-26,5002
Nazareno,Abadía,25926923,1990-08-04,2790
Florencia Belen,Sojero,26616064,1983-03-07,7362
Mateo Ezequiel,Quispe,36638864,1999-12-19,8699
Luciana Belen,De León,33570934,1992-05-07,3233
Benjamin Alejandro,Moreno,33197886,1996-07-19,5888
Matias Ariel,Giordano,21772884,1992-08-30,8621
Brisa Aylen,Salazar,27062961,2002-11-08,57
Santiago Alejandro,Agüero,32315536,1986-08-01,6376
Virginia,Villalba,24280905,1998-06-03,9492
Facundo Ariel,Huergo,34133058,1993-09-20,6977
Martina Abril,Godoy,21729847,1995-11-25,6639
Tobias Ezequiel,Borges,35749425,1992-08-13,5505
Macarena,Fava,25204234,1983-10-25,9575
Ariana,Casas,39671197,1992-04-24,1109
Thiago Gabriel,Vasile,32670835,1994-07-02,8072
Lautaro Alejandro,Silva,36680144,2003-08-27,4057
Lautaro Uriel,Godoy,37346084,1986-08-04,4765
Ines,Borges,28077808,1985-04-16,340
Ariel,Farina,28334722,1998-07-04,6668
Maria Josefina,Sosa,37516819,1982-03-16,2557
Patricio,Fava,23007450,1994-10-20,6509
Gonzalo Gabriel,López,30392629,2004-03-04,4427
Lucas Nicolas,Sojero,26803581,1982-04-08,2918
Maria Fernanda,Quispe,33224581,2003-12-31,1202
Rafael,Salazar,25497221,2001-07-07,9919
Rodrigo Nahuel,Sosa,27710391,1997-12-19,165
Luisana,Villalba,23469508,1983-12-03,5725
Leonel Alejandro,Espinoza,24468362,1999-11-17,4334
Rocio Abigail,Marini,30403577,1984-05-02,6736
Gino,Saldaña,35252374,1986-06-28,8916
Joaquina,Hoffmann,28210256,2002-06-23,4975
Marco,Mancuso,37226975,1999-02-14,2491
Lautaro Javier,Ibáñez,34655383,1982-12-28,7570
Celina,Soto,28861695,1986-01-16,4249
Ludmila Aylen,Leiva,36313836,2002-06-06,7938
Alexis Ezequiel,García,29204820,1983-04-04,2779
Thiago Joaquin,Leiva,35504138,2003-04-12,7653
Alexis Gabriel,Mancuso,36943519,1982-09-22,8361
Federico Agustin,Portillo,37104470,2000-01-07,743
Lara Valentina,Salamone,23733577,1999-05-10,4437
Florencia Agustina,Castro,20433082,1996-10-21,8360
Maria Pilar,Vera,26349038,1990-08-20,1615
Santiago Andres,García,27762273,1982-10-26,9676
Camila Milagros,Rodríguez,39187892,1988-10-02,6923
Franco Daniel,Santana,27306657,1991-09-21,1142
Marcos Agustin,Huarte,32410844,1991-03-03,5819
Ana Lucia,Scanone,27776917,1980-12-12,1097
Thiago Uriel,Fornerón,25917326,1984-06-17,7249
Santiago Javier,Sosa,30180536,2000-12-18,323
Marco Antonio,Marini,34336200,1983-06-27,2689
Ana Luz,Soto,39925071,1990-11-12,8309
Rodrigo Sebastian,Arredondo,25696244,1987-02-26,2648
Maria Paula,Gonzales,27815636,1984-12-12,1524
Rocio Micaela,Vasile,26168333,2002-03-08,6585
Camila Abril,Lorenzo,35594747,1990-07-30,4518
Milagros Guadalupe,Reyes,25736955,1987-09-15,9912
Valentina Magali,De León,32212061,1982-09-14,4987
Kevin Nahuel,Silva,33003808,1998-06-30,3422
Francisco Nicolas,Mejía,33738302,1994-08-07,8652
Micaela Ayelen,Leal,23742805,1986-04-30,3403
Maria Del Rosario,García,30686620,1988-08-23,3886
Martin Nicolas,Mancuso,22916382,1991-11-12,5471
Federica,Farina,21804112,1989-12-08,4408
Facundo Tomas,Carranza,22877047,1997-01-31,1123
Santiago Uriel,Rivera,33390562,1988-04-20,1226
Carlos Daniel,Salem,22305228,2001-01-30,8572
Lucas Sebastian,Rosso,35730370,1987-04-02,6032
Axel Ezequiel,Mejía,35993220,1985-11-22,7666
Mateo Joaquín,Raimundo,29271482,1989-12-31,8380
Leandro Ezequiel,Salvador,27276400,1983-05-21,9136
Ludmila Milagros,Contreras,26230635,1983-05-01,814
Lautaro Ariel,Salvador,34092533,1988-07-17,2761
Diego,Agüero,30599714,1988-08-23,4864
Julio Cesar,Sorbera,22596442,1983-06-10,9113
Vicente,Sánchez,24848907,1995-07-06,4419
Francisca,García,34438156,2001-07-08,5830
Mariana,Nave,23306274,1990-10-21,9988
Luis Alberto,Morales,25417883,2003-09-08,3802
Rocio Ayelen,Huergo,37423059,1983-02-02,6431
Fernando,Arredondo,37413363,2000-07-17,9192
Ema,Pineda,27813861,1994-07-05,6548
Alexis Nahuel,Rotman,34328548,1991-07-29,2823
Ignacio Ezequiel,Borges,31113139,1983-04-07,7923
Milagros Lujan,Díaz,23287868,1984-07-18,4252
Kevin Agustin,D'Elia,34181661,1987-07-23,5400
Facundo Leonel,Pineda,27507175,1988-03-30,3642
Abril Agostina,Ibáñez,27093483,1987-08-25,4239
Maite,Santana,35067181,1993-09-22,9993
Sebastian Alejandro,Totora,39591557,1999-06-18,4001
Dylan Ezequiel,Rivas,20022019,2000-07-19,500
Maria Constanza,Castro,31378534,1990-05-13,6596
Maximiliano Gabriel,Reyes,36261149,1985-07-12,5186
Daniela,Giménez,23892327,1986-04-09,7074
Lucas Benjamin,López,32446289,1993-06-02,4070
Lautaro Jesús,Vargas,25808441,1997-10-21,4408
Lucas Joaquin,Hidalgo,38801658,1990-08-30,3111
Thiago Leonel,Soto,35289529,1999-02-25,1188
Axel Daniel,Portillo,30216558,2001-08-13,2713
Azul,Fornerón,32034879,1981-12-03,9488
Sofia Abril,Moreno,23517807,1983-02-09,7267
Milagros Micaela,Basile,23811477,1990-08-27,9526
Milagros Magalí,Pereira,31058727,1996-06-30,2427
Maria Lucia,Fernández,33292113,2001-06-02,9932
Marcos Ezequiel,Amenedo,33745455,1991-08-22,4292
Lucas David,Godoy,29121741,2004-01-06,7526
Axel Agustín,Rotman,33278773,1999-02-06,8627
Gonzalo Nahuel,Mancuso,37229826,1985-02-10,2662
Thomas Agustin,Pérez,30739255,1985-02-03,2271
Franco Tomas,Rojas,33821704,1986-04-11,2262
Florencia Abigail,Villalba,38678450,2003-11-15,7220
Maximo Agustin,Rivera,33936087,1988-12-28,5916
Camila Soledad,Sala,29792621,1984-01-11,5075
Luciano Benjamin,Zambrano,26062232,1982-07-20,6565
Bautista Nicolas,Sojero,22385043,1998-01-03,3940
Fabrizio,Santos,25318799,1994-04-29,1897
Alfonsina,Agüero,23817901,1992-10-26,3378
Lautaro Exequiel,Lorca,35711015,2003-06-25,5005
Leonardo,Sberna,25048060,1989-01-01,1117
Mateo Valentin,Giménez,32212972,1991-01-20,1743
Juan Agustin,Arredondo,29073895,2001-12-09,3729
Brisa Ayelen,González,25258924,1996-10-11,6504
Laureano,Ibáñez,26064669,1999-07-20,5265
Lautaro Damian,Silva,27029048,1999-02-13,8066
Leandro Nicolas,Raimundo,31647477,1999-08-28,1637
Matias Sebastian,Mamani,36114152,1992-07-22,3059
Francisco Agustin,Muñoz,36134681,2003-10-14,736
Carola,Salem,23670498,2001-03-12,906
Elias,Mamani,22472005,1991-06-20,9789
Rocio Guadalupe,Rómulo,28761427,1996-10-30,381
Ignacio Benjamin,Huarte,25758700,2001-01-01,3548
Maria Laura,Saldaña,29937967,1990-02-27,568
Facundo Emanuel,Jiménez,26480284,1983-07-30,8101
Facundo Martin,Godoy,38861747,2002-06-24,8659
Pablo Agustín,Fornerón,39248154,1991-07-24,7246
Agustina Milagros,Fernández,21118108,1995-06-24,5610
Valentina Jazmin,Sotomayor,26636344,1990-12-27,4498
Sofia Ailen,Portillo,32894582,2002-05-29,1934
Florencia Magali,Goicochea,27624951,2003-05-10,2829
Valentina Guadalupe,Mamani,20413866,1985-10-19,1560
Kevin Nicolas,D'Elia,35767644,1989-06-09,3638
Ana Sofia,Casares,25913164,1987-12-08,6548
Aylen,Rebollo,30571476,1991-04-15,3821
Thiago Lionel,Marín,33081904,1984-01-23,8110
Franco Emanuel,Mejía,33841569,1996-09-28,7369
Eugenia,Lorenzo,32363080,2001-12-09,6191
Rocio Magali,Leal,35641864,1981-07-21,2762
Valentina Luján,Hidalgo,31794505,1985-02-28,3796
Federico Nicolas,Fazzi,31100823,2001-03-04,3862
Morena Abril,Scioti,29250240,1985-01-22,4647
Candela Magali,Sosa,28429701,2001-01-15,7578
Aldana,Pérez,23331377,1986-04-19,8962
Elias Ezequiel,Gómez,24071817,1990-09-05,9501
Tobias Benjamin,Rotman,32472897,1986-01-08,6383
Leandro Agustin,Vera,36037860,1998-10-02,3471
Tomas Nahuel,Huarte,36652770,1986-09-30,7400
Esteban,Salvador,35754887,1988-03-29,4225
Tobias Agustin,Casas,20192974,2004-08-02,5408
Matías Emanuel,Casas,35021951,1984-03-31,8131
Lucas Santiago,Rivera,37141654,1995-10-18,9725
Sofia Guadalupe,Hernández,25770865,1998-03-25,1817
Ernestina,Duarte,34433857,1998-03-18,3503
Iñaki,Castillo,35492276,1991-09-03,1291
Julieta Abril,Farías,39211785,2000-06-25,757
Valentina Ayelen,Hidalgo,33731428,1981-04-10,252
Santino Nicolás,Gómez,24850684,1987-04-27,85
Cristian Gabriel,Quispe,31035531,2002-03-05,7870
Tatiana Abigail,Marini,29091966,1986-12-01,5235
Giuliano,Sberna,34504836,1996-09-17,6277
Jose Manuel,Vasile,32779428,1991-06-04,9506
Santiago Ivan,Sberna,30809346,1992-07-02,4705
Rodrigo Agustín,Rosso,30532850,1986-04-29,3209
Milagros Agostina,Mamani,24545099,2004-07-03,6552
Ezequiel Alejandro,Santana,24862942,1983-03-16,2622
Jeremias Ezequiel,Benítez,38410837,2003-12-08,2494
Maria Agostina,Sosa,20928619,2000-05-20,499
Nahiara,Fornerón,25717152,1980-08-16,248
Valentina Soledad,De Luca,27573294,1982-06-09,6345
Alan,Amenedo,22821043,2002-09-26,2378
Candela Agostina,Álvarez,30756126,1983-07-22,8889
Abril Milagros,Delgado,37549972,1985-04-05,935
Mercedes,Jiménez,36526285,1981-11-25,9252
Axel Nicolás,Casares,29277950,1992-01-15,6217
Santiago Jose,Ramírez,20294268,1986-03-20,4164
Juan Pedro,Maradona,31197266,1982-09-20,2129
Agustin Gabriel,Pérez,31627150,2002-02-04,1302
Rocio Aylen,Castillo,37498448,1998-09-22,7583
Carmela,Amenedo,37611625,1990-04-16,4970
Joaquin Andres,Totora,34603107,1991-01-12,236
David Ezequiel,D'Elia,29832761,1987-03-14,581
Sofia Abigail,Mejía,34489139,1984-01-02,8797
Joaquin Gabriel,Borges,34057991,1999-08-13,996
Ludmila Magali,Fazzi,39819370,1991-08-11,8600
Francisco Jose,Giordano,38746335,1985-04-15,2112
Nazarena,Salem,33809631,1998-03-06,701
José Antonio,Godoy,30403289,1999-11-22,4482
Luis Miguel,Mejía,36651359,1990-05-19,1924
Ivan Ezequiel,Villalba,25835660,1983-06-11,7086
Agustina Soledad,Vera,22101273,1992-04-27,1491
Baltazar,Espinoza,29126188,1984-07-11,3114
Jonathan Ezequiel,Rivera,34696207,1987-10-05,452
Teo,Rotman,37482867,2002-11-27,8186
Sebastian Ezequiel,Moreno,35131441,1983-09-01,2135
Tatiana Belen,Mancuso,27599876,1987-09-10,4575
Lautaro Lionel,Quispe,33288251,2001-05-25,3144
Angel David,Scioti,35212906,1988-09-04,7332
Ignacio Martin,Ramírez,34027282,1999-05-03,6384
Luis Alejandro,Amenedo,29686349,1992-02-21,5403
Priscila Ayelen,Rivera,23989888,1987-06-23,4390
Maria Candelaria,Hidalgo,38900756,1997-04-28,4257
Rocio Valentina,Maradona,35383539,1984-11-15,3982
Ramiro Agustin,Loreto,33635738,1998-07-13,4021
Alexis,Carranza,30050042,1990-03-15,986
Jose Maria,Casas,39847970,1994-07-12,9632
Carlos Gabriel,Agüero,32123403,1989-11-20,9674
Thiago Martin,Demichelis,25715619,1984-06-21,2871
Bruno Nicolas,Demichelis,27348223,1997-01-02,5728
Luciana Valentina,Sotomayor,35433774,2004-06-05,7020
Sofia Antonella,Vera,30591279,1984-07-12,9918
Priscila Belen,Sorbera,35924723,1991-01-28,9179
Uriel Alejandro,García,34601039,1989-02-14,8555
David Alejandro,Delgado,24939583,2000-09-01,996
Iara Valentina,Basile,34235286,1989-05-26,5787
Priscila Aylen,Agüero,20184823,1985-09-02,8960
Franco Sebastian,Castillo,32667938,1987-08-13,6760
Agustina Aylen,Pinedo,26730867,2001-02-04,8816
Camila Ailen,Benítez,38733493,2000-09-14,3266
Agustina Abigail,Scioti,28567463,1982-11-08,8788
Dylan Gabriel,López,28687437,2001-12-08,6948
Alejo Nicolas,De Luca,39705773,1993-03-26,1148
Micaela Agustina,Fazzi,34202418,1981-01-13,4376
Leandro Gabriel,Sosa,26526898,1990-09-27,1184
Dolores,Rodríguez,39717911,1992-06-13,4121
Kevin Daniel,Castro,23826070,2001-05-21,2909
Maria Lourdes,Sosa,37828080,2000-05-15,1582
Elias Gabriel,Abadía,20377169,1993-09-23,2474
Francesco,Zambrano,29360458,1985-03-09,961
Rocco,Arredondo,21997974,2003-06-06,3331
Dylan Uriel,Borges,21807546,1997-01-20,7014
Brisa Milagros,Casas,36856133,1987-06-20,735
Bianca Valentina,Nessi,37130419,1990-10-11,865
Marcos Antonio,López,31182401,2001-02-22,1494
Tomas Joaquin,Soto,21578822,1988-07-20,8402
Gonzalo Sebastian,Mancuso,38266818,1985-11-14,7686
Tomàs Ariel,Lorca,30198778,1998-12-16,8210
Axel David,Maradona,28004760,1989-12-09,6066
Agostina Belén,Mamani,26975532,2001-07-11,1626
María Magdalena,Rotman,38651897,2003-11-03,5123
Lourdes Abril,Morales,36139867,1994-03-24,657
Juanita,D'Elia,23807418,1985-02-18,2074
Agustina Ayelen,Totora,36270840,1985-09-20,8707
Geraldine,Mejía,29305748,1980-02-24,543
Irina,Maradona,34724666,1997-04-25,7263
Ramiro Nicolas,Rojas,22080527,1983-08-04,2100
Mateo Gabriel,Surace,27763570,1987-12-10,6474
Milagros Anahi,Rodríguez,24603574,1990-12-29,7308
Iara Abigail,Salamone,29017504,1995-02-26,403
Candela Jazmin,Sorbera,20899976,1996-11-15,8593
Bruno Ezequiel,Salamone,23886867,1999-01-08,4423
Brisa Magalí,Gutiérrez,24702246,2002-04-03,1480
Francisco Tomas,Contreras,20283945,1989-07-25,4096
Tomas Emanuel,Castillo,28970723,1989-10-26,5331
Joaquin Uriel,Quispe,24787033,1989-03-01,1405
Maria Delfina,Carrizo,30080187,1986-02-16,4945
Barbara,De León,34495493,1991-05-04,560
Santiago Ismael,García,27139448,1987-08-20,6295
Tobias Uriel,Raimundo,21693191,1982-02-10,952
Ludmila Abril,Abadía,26480838,1985-11-24,4276
Leandro Nahuel,Loreto,30939243,1994-03-16,5131
Cristian,Loreto,22067215,1995-11-27,2130
Julieta Magali,Pedone,26991310,2004-06-13,4264
Fátima,Rebollo,33925096,1997-07-04,6228
Facundo Sebastian,Nari,28480596,1995-10-30,1919
Gianfranco,Salazar,35847875,1981-06-12,4976
Fernando Gabriel,Lorenzo,22964298,1980-11-07,1541
Thiago Tomas,Mariani,25542104,1997-12-29,6960
Alejandro Gabriel,Goicochea,35158810,1992-02-07,4020
Sofia Agustina,Salazar,36109649,1997-10-15,8236
Agustina Abril,León,33003898,1983-08-05,9128
Lucia Milagros,Pereyra,30510465,1999-04-25,3365
Maia Valentina,Martínez,28934289,2001-05-13,5408
Araceli,Salamone,31389063,1984-02-07,5548
Agustina Magali,Pedone,34834030,1980-03-07,8344
Morena Abigail,Contreras,24942805,1982-04-03,6407
Gonzalo Daniel,Silva,31038609,1990-02-11,9570
Faustino,Arellano,30457812,1992-09-27,7883
Valentina Micaela,Scioti,31380112,2000-02-08,1715
Ignacio Valentin,Mariani,32499910,1992-02-05,2125
Maria De Los Milagros,Borges,25286904,1988-11-26,7350
Brian Nahuel,De León,21359415,1988-08-08,8581
Lautaro Andrés,Scanone,35279513,1996-12-06,9152
Dylan Agustin,Loreto,33868234,1984-01-16,9525
Fernando Ezequiel,Saldaña,38731893,1995-01-11,8520
Lucas Alejandro,Rotman,21216618,1998-03-24,8775
Milagros Antonella,D'Elia,27832014,1990-03-27,495
Alan Nahuel,López,34002830,1990-05-27,4773
Tobias Nahuel,Ramírez,28795695,1993-06-28,2572
Joel,Díaz,38917356,1997-08-21,3276
Lucca,Amenedo,28371270,1980-08-30,6067
Martin Ignacio,Rodríguez,23832878,1994-04-27,6377
Matias Joaquin,Farina,31888694,1994-10-24,8537
Nahuel Ezequiel,Sotomayor,37539069,1993-11-25,5312
Milagros Rocío,Reyes,23196518,1996-10-09,1595
Alejandro Ezequiel,Pavón,25452111,1995-09-27,6709
Valentina Ailén,Mamani,27057213,1993-12-13,5658
Alejandro Daniel,León,35314641,1994-07-28,2070
Zoe Valentina,D'Elia,36279062,1993-08-28,9419
Maximo Alejandro,Rotundo,37294218,1994-01-02,1062
Pablo,Santos,20931680,1986-10-13,713
Luciano Joaquin,Moreno,24885799,1980-06-27,4923
Ludmila Ailen,Marino,24518888,1988-12-21,8743
Brisa Valentina,Gutiérrez,34754085,2003-11-11,5138
Enzo Gabriel,Sánchez,22037013,2001-11-27,6841
Estefania,Marini,29489921,1991-05-20,4887
Maria Sofia,Rojas,25466877,1989-02-22,5223
Kiara Abigail,Hoffmann,33966409,1980-03-14,5777
Thiago Sebastian,Surace,33604873,1990-09-08,4467
Ivo,Sorbera,24119100,2000-11-14,5329
Brenda,Rivera,36720034,1997-06-23,8521
Florencia Valentina,Espinoza,30565173,2000-01-14,8209
Pablo Nicolas,Quispe,26648455,2000-12-30,141
Juan Antonio,Rodríguez,38309473,1999-06-06,8620
Brian Nicolas,Rotman,39925115,1984-02-05,1996
Leon,Vasile,27134997,1996-01-18,2437
Gonzalo Martín,Jiménez,36269964,2000-11-07,5195
Alejo Benjamin,Sala,37451401,1997-05-30,5334
Javier Alejandro,Lorenzo,23911885,1992-10-14,5366
Alexis Nicolas,Vasile,21945473,1982-08-25,9389
Ana Victoria,Vargas,25359661,2002-04-16,1127
Maria Clara,Santana,36775674,1983-01-17,7402
Jorge Luis,Ibáñez,24697778,1988-12-24,4581
Maximiliano Agustin,Giordano,24933903,2000-11-01,7859
Ignacio Tomas,Benítez,34127224,1983-01-05,7440
Ramiro Ezequiel,Gonzales,38594096,1997-07-16,5966
Santiago Manuel,Benítez,32911049,2001-03-06,6234
Candela Aylen,Sosa,28219790,1996-03-27,1280
Serena,Surace,34809670,1999-04-28,9485
Selene,Leal,23741602,1992-08-12,919
Stefano,Mamani,32996248,1988-06-29,2204
Ismael,Agüero,38725451,1990-07-11,798
Priscila Magali,Quispe,21294541,2002-03-06,8580
Helena,Giordano,38226271,1991-06-30,8063
Ana Maria,Rojas,24916973,1993-07-14,9430
Miranda,Castillo,36838405,1993-11-19,4127
Tobias Nicolas,De León,39551644,1995-05-27,4020
Jorge Daniel,Espinoza,35319954,2001-08-31,9400
Benjamin Nicolas,Pérez,36767759,2001-03-15,5548
Bautista Benjamin,Casares,26701285,2002-06-19,5924
Santiago Sebastian,Godoy,35978001,1986-06-29,6064
Valentina Nicole,Rosso,20309996,1980-08-01,6595
Ana Valentina,Pavón,33565255,1988-04-30,5036
Martin Gabriel,Morales,23367108,1984-05-21,7611
Morena Valentina,Rebollo,38402637,2002-10-14,9801
Joaquin Leonel,Santana,35985699,1997-12-25,5577
Lucía Magalí,Rivera,39973512,1989-11-05,8718
Matias Ignacio,Quispe,30783896,1992-02-19,8315
Ignacio Sebastian,Mancuso,35961486,1994-12-03,2749
Santiago Jesus,Salvador,26291763,1991-05-21,476
Federico Ezequiel,Muñoz,36092858,1985-04-29,2430
Marcos Daniel,Maradona,27331925,2003-09-05,4098
Mauricio,Muñoz,38969213,2002-03-31,3623
Gabriel Nicolas,Morales,25363301,1985-07-07,9220
Nicolas Martin,D'Elia,26499629,2002-01-29,2185
Samuel,Nari,27164053,1989-12-16,1847
Santiago Lionel,Varela,35587526,1990-01-29,3024
Agustin Emanuel,Totora,30828696,1986-02-25,6735
Tiago Nicolás,Díaz,20092101,1997-07-23,820
Camila Rocio,González,28786781,1997-11-19,1625
Diego Agustin,Rivera,35163272,1980-06-20,8940
Marcos Nahuel,Amenedo,25404469,2004-02-24,4353
Kiara Valentina,Benítez,30985763,1996-02-03,1752
Joaquin Sebastian,Hoffmann,25245048,1987-01-13,3347
Milagros Jazmin,D'Elia,33408452,2000-07-06,4287
Diego Alejandro,Totora,37555407,1995-01-25,1094
Rodrigo Gabriel,Rosso,34199984,1994-02-05,9358
Gonzalo Joaquin,Amenedo,39902613,1981-11-03,8624
Tiago Benjamin,Ramírez,24809894,2002-08-20,1286
Facundo Benjamin,Pineda,37693698,1986-03-05,1192
Antonella Belén,Gómez,37060764,1988-07-26,3561
Emilio,Varela,27306758,1992-01-16,2840
Ignacio Nahuel,Santana,32096988,2003-11-01,8380
Alan Leonel,Rebollo,38446769,1995-12-09,7079
Julieta Abigail,Sala,31404268,1993-10-19,357
Maria Isabel,Salem,39756713,1992-01-15,9672
Ana Gabriela,Rebollo,23099755,1992-07-14,6031
Sofia Ayelen,Carrizo,38453852,2004-04-30,7973
Gianella,González,30865844,2000-09-24,4648
Juan Segundo,Gutiérrez,35074081,1998-07-25,3603
Ailen,Sánchez,21170110,1991-09-22,3283
Jonathan,Salem,39525434,1982-05-26,9798
Alex,Farías,20483912,1987-08-26,8087
Sol Agustina,De Luca,31008718,2000-07-01,3853
Tiago Agustin,Abadía,37460405,2002-10-01,6970
Ariadna,Rivas,32929660,1983-12-17,7408
Kiara Aylen,Saldaña,35907514,1996-01-04,6015
Javier,Andrade,31336964,1981-08-02,8920
Cristian Ezequiel,Santos,22595706,1991-04-20,3093
Daniel Agustin,Vargas,31477904,2002-10-24,7899
Juan Roman,Gómez,20612934,1998-03-03,1191
Leonardo Gabriel,Moreno,31618661,1980-01-28,4203
Gonzalo Emanuel,García,24284236,1986-06-23,6673
Maximo Gabriel,Vera,32355454,1982-10-26,3299
Miguel Alejandro,Moreno,33651524,1984-11-01,135
Gastón Ezequiel,Rotman,32402242,1997-02-17,8716
Rodrigo Emanuel,Hoffmann,32357234,1991-07-07,6237
Lucas Valentin,Arredondo,30169996,1996-11-13,8426
Brenda Magali,Pérez,32432494,1991-01-12,7980
Lucas Matias,Giordano,26460422,1984-10-17,1251
Fernando Agustin,Santana,28369232,1981-05-03,6614
Gonzalo David,Sorbera,24692149,1992-08-30,8356
Lucas Ivan,Casas,37939806,1985-09-03,9474
Joaquín Emanuel,Gonzales,20370595,1994-04-08,9578
Francisco Gabriel,Delgado,33067956,2001-10-30,6972
Tiago Nahuel,Flores,37371908,1982-08-23,657
Ezequiel Agustin,Vasile,36103597,2000-09-23,5764
Cristian Daniel,Scanone,30328241,1982-02-08,7511
Valentina Nahir,Marini,21005990,1983-05-09,104
Rocio Ailen,Lorca,24045030,1990-04-18,3109
Valentina Sofia,Pinedo,36610634,1984-07-09,4904
Tomas Leonel,Nave,34549631,2003-02-25,90
Agustina Ailen,Mancuso,31850067,1992-01-15,8860
Lucia Valentina,Carrizo,20483934,1986-04-05,1966
Victoria Belen,Espinoza,27243487,1997-07-23,4958
Iara Belen,Reyes,21998208,1988-10-16,8396
Kiara Belen,Galán,35442866,1998-09-09,5170
Antonio,Fernández,27466481,1992-10-06,8896
Lautaro Joel,Rosso,39766919,2002-07-13,9371
Jonathan David,Sojero,37625486,1989-03-03,9033
Luciano Nahuel,Abadía,30495041,1998-09-16,4628
Renzo,Salazar,28371287,1990-08-19,8611
Camila Antonella,López,22943979,2000-08-30,6740
Leonardo Ezequiel,Sánchez,36849885,1991-02-13,8880
Cristian Ariel,Maradona,35323096,1981-01-19,8484
Brisa Abril,Fava,25106706,1999-03-31,6689
Lourdes Milagros,Salazar,34406825,2002-02-13,9875
Jimena,Fazzi,24039710,1992-04-13,9520
Lautaro Ismael,Goicochea,33258730,1995-10-10,5042
Micaela Abigail,Contreras,23133753,1986-09-15,7414
Alexis Daniel,Rosso,25251428,1980-05-29,4946
Luna Morena,Marini,23738323,1988-05-03,2145
Mauro Ezequiel,Pineda,20968583,1995-11-21,8295
Lourdes Abigail,Fornerón,31993635,1991-11-21,7277
Agustin Ariel,Arellano,34827581,2003-11-12,9605
Joaquin Tomas,Abadía,29073597,2003-10-02,2299
Franco Ariel,Díaz,39903345,1993-01-19,9011
Ariana Abigail,Surace,20305821,1986-09-06,2670
Pablo Gabriel,Nessi,22876602,1981-01-14,4140
Lautaro Ivan,Vasile,32884800,1986-07-30,157
Thiago Alejandro,Nessi,37625399,1987-11-05,6949
Facundo Javier,Sosa,29398164,1990-03-22,9271
Santiago Matias,Gonzales,37423868,1993-03-18,593
Axel Joel,Scanone,34146359,1996-12-06,6035
Franco Valentin,Gonzales,25106959,1982-07-07,6895
Jose Gabriel,Rotman,20290871,2001-12-23,6588
Valentin Ezequiel,Maradona,22611397,1988-03-31,4612
Facundo Alejandro,Mamani,33479306,1992-10-20,300
Luciana Abigail,Basile,38033475,1988-06-07,1482
Mariano Agustin,Espinoza,28351191,1988-09-20,1475
Brisa Ailen,Mamani,22457816,2002-08-07,78
Milagros Lucia,Mamani,23118765,1998-09-24,6281
Ivan Alejandro,Rotman,35204954,1982-05-12,4405
Nicolas Ariel,Díaz,27341691,1995-09-06,7608
Lucas Ignacio,Ramírez,33682029,1991-10-02,4455
Alejo Agustin,Abadía,35250451,1988-10-04,6105
Sol Valentina,Rotman,27690074,1983-11-15,7887
Priscila Abril,Godoy,39964336,1998-11-27,5513
Luka,Hernández,35961015,1986-10-17,6364
Mauro,Sánchez,27405207,1996-09-09,7473
Facundo David,Gutiérrez,36978361,2003-03-29,1908
Agustin Sebastian,Fava,27002659,2002-04-14,7925
Jonathan Gabriel,Castro,38243641,2001-08-28,5808
Kevin Leonel,Raimundo,33659342,1981-03-30,2370
Camila Valentina,Lorca,21115370,1997-07-28,6802
Agustin Nahuel,Moreno,39519602,1987-08-19,2429
Tobias Valentín,Espinoza,37422059,1985-03-05,297
Brisa Antonella,Ibáñez,34395391,1986-03-24,2819
Gregorio,Ibáñez,33976369,2002-02-24,4263
Donato,Martínez,31809944,1998-07-09,6025
Axel Ariel,Muñoz,37720086,1993-01-04,2082
Martina Guadalupe,Ramírez,21309022,1993-05-19,9659
Melany,Amenedo,26735370,1985-10-03,4704
Maria Alejandra,Scanone,22995171,1990-05-07,6765
Pablo Sebastián,Salazar,28136954,2003-03-14,4225
Gabriela,Mora,24910374,1980-01-22,8417
Agustin Tomas,Rómulo,26655646,1981-02-14,4706
Abril Micaela,Portillo,26407741,2002-03-09,6893
Valentin Nicolas,Mamani,36750426,1994-09-23,4483
Camila Victoria,Lorenzo,30846998,1990-06-02,7102
Diego Ezequiel,Fazzi,20534446,1990-11-22,5503
Enzo Nicolás,Fornerón,22695104,1994-05-03,7959
Elias Benjamin,Rotman,28784887,2004-01-04,3530
Maximo Nicolas,Duarte,37722056,2001-05-03,8050
Camila Guadalupe,Morales,37532005,1999-01-02,6584
Berenice,Rivas,25435778,2004-06-11,6965
Luciano Martin,Vera,22418898,2002-07-22,1497
Valentina Pilar,Mariani,38470504,2001-01-21,1055
Brisa Agustina,Pereyra,33000111,1996-07-22,2121
Franco Martin,Sojero,26747188,1990-07-13,3377
Kevin Uriel,Rosso,30213849,2004-01-30,2451
Lucas Tomás,Andrade,20125831,1997-05-30,3755
Dylan Nahuel,Totora,36902723,1981-07-03,428
Marcos David,Rojas,38929512,1993-12-29,1691
Brisa Belen,Scanone,28271185,1985-02-14,4148
Federico Gabriel,Surace,33019078,2001-01-24,2551
Mirko,Goicochea,33499260,2004-08-16,7860
Tiago Ezequiel,Portillo,34266877,1995-05-21,1621
Natalia,Rivera,28153958,2003-07-19,6539
Matías Javier,Nari,24590160,1989-01-08,3070
Ariel Alejandro,Rebollo,35583263,1988-08-15,49
Solana,Farina,25055519,1980-10-04,1460
Milagros Celeste,Pavón,31417513,2003-05-27,7007
Luz,León,39835037,1997-07-03,833
Mia Abril,Andrade,33243682,1989-10-10,9004
Facundo Manuel,Saldaña,30528582,1990-09-26,3576
Guido,Pereira,31234604,1989-12-10,8757
Adrian,Villalba,36687668,1994-02-14,6912
Luciano Andres,Scanone,20221652,1990-04-28,5680
Milagros De Los Angeles,Díaz,26380574,1994-11-04,770
Candela Lucia,Moreno,36623166,1990-05-05,1690
Nahuel Nicolas,Marchi,36250043,1993-12-10,9057
Kevin Gabriel,Pedone,38786008,1999-05-19,6875
Gonzalo Benjamín,Maradona,20858550,1988-10-17,1943
Cristian David,Nari,28710933,2002-09-01,4347
Agustin Ignacio,Salamone,29571100,1993-05-29,4567
Lucas Damian,Rotman,35948186,1991-07-26,2933
Carlos Alberto,Totora,28509850,2000-10-01,7859
Juan Daniel,Sosa,20263171,2000-04-10,781
Elena,Silva,37222056,1992-01-20,3509
Kiara Agustina,Pineda,26003949,2002-07-19,1428
Matilda,Rodríguez,25175593,1989-06-08,6385
Abril Antonella,Casas,31502502,2002-06-01,2028
Lionel Agustin,Maradona,29656534,1989-08-21,7328
Segundo,Mancuso,22778131,1992-11-15,4820
Angela,Agüero,20203115,1990-08-08,8320
Rocio Abril,Casares,31812116,2002-05-20,8158
Daiana,Surace,37058285,1980-08-28,6440
Axel Maximiliano,Marini,27128992,1988-11-09,1903
Alan David,Farías,20745819,1990-12-11,9930
Florencia Micaela,Martínez,21769868,1988-02-19,7851
Diego Nicolas,García,23582695,1997-05-02,1733
Mauricio Nicolas,Pedone,35709683,1980-08-23,2443
Priscila Milagros,Vargas,30130497,2002-09-03,6330
Maria Catalina,Lorca,31302133,1999-06-07,3296
Axel Javier,Abadía,34976082,1995-03-24,2738
Victoria Valentina,Hernández,35720132,1992-10-24,8531
Martiniano,Rosso,26501136,1996-11-26,4220
Juan Diego,Pavón,24776457,1988-08-04,6825
Diego Armando,Lorca,24212103,1994-06-16,8793
Agustin Maximiliano,García,27375833,2002-07-01,4728
Maria Trinidad,Fornerón,20617941,1981-12-23,8068
Margarita,Duarte,28860763,1991-08-26,8925
Evelyn,Rebollo,20741927,1994-09-27,3516
Diego Martin,Varela,30779604,1990-12-31,5522
Alexis Sebastian,Pedone,33151855,1990-06-06,7962
Priscila Jazmin,Santana,21279549,1983-12-10,1685
Julieta Agustina,Loreto,28932059,1992-09-11,140
Brenda Abigail,Flores,34475554,2001-10-02,5683
German,Lorenzo,35816430,2004-07-19,4383
Axel Rodrigo,Basile,23373777,2000-03-29,924
Kevin Joel,Pereyra,39415851,1986-09-27,8856
Micaela Soledad,Hidalgo,29868313,1994-04-10,7213
Jose Fernando,Mejía,36013976,1984-07-20,4912
Francisco Ezequiel,González,32562496,1999-08-27,1650
Franco Javier,León,30174050,1999-07-30,3744
Federico Nahuel,Nave,39004528,1999-02-01,8323
Kevin Alejandro,Santana,27452410,1992-08-06,4498
Nicolas Daniel,Marini,36191602,1984-04-20,4429
Priscila Ailen,Giménez,25092198,1997-12-22,4036
Maria Elena,Rodríguez,32268848,1990-07-23,6744
Cristian Alejandro,Leiva,35765307,1980-12-31,2430
Celeste Milagros,Sorbera,25035317,1998-06-24,2133
Priscila Nicole,Sala,21191021,2002-05-07,4199
Maximo Joaquin,Rojas,26172836,1984-04-05,3199
Micaela Aylen,Silva,23172092,1985-02-03,6680
Ezequiel Nicolas,Castillo,36108865,1998-06-17,9188
Rocio Jazmin,Giordano,38504059,1984-11-15,9805
Candela Guadalupe,Godoy,34699384,2000-11-11,957
Franco Lautaro,Nave,37637253,1985-02-25,8729
Maria Mercedes,Giordano,32706870,1988-07-19,9977
Axel Sebastian,Santos,22092877,1987-01-04,8345
Kevin Ariel,Quispe,36204570,1995-01-22,2438
Candela Ailen,Martínez,24265477,1982-12-15,6779
Brandon Ezequiel,Saldaña,36819390,2004-05-27,4426
Juan Ramon,Castro,22997114,1981-12-30,4584
Angeles,Santana,28667409,1987-06-15,7866
Axel Benjamin,Morales,35439943,1992-03-14,5010
Faustina,Schapira,22794474,1991-05-05,4375
Axel Emanuel,Galán,24416520,1996-07-09,8049
Alina,Salem,22475363,1993-01-30,3512
Paula Valentina,Fornerón,20830497,1982-01-14,8171
Thiago Daniel,Marchi,20315029,1988-06-29,6024
Sabrina,Loreto,28445815,2003-08-10,9814
Nicolas Nahuel,Vargas,37310425,1995-04-14,7709
Pablo Daniel,Salazar,36157111,1995-12-31,3959
Nicolas Andres,Giménez,34152800,1990-05-30,5544
Maria Antonella,Santos,30216382,2001-03-21,2886
Martina Pilar,Hidalgo,35990560,1980-06-01,9924
Bautista Ezequiel,Schapira,25810756,1995-01-02,2968
Lara Agustina,Benítez,38686312,1987-06-23,9511
Joaquin Ariel,Mamani,24951808,1990-03-30,7391
Tomas Uriel,Godoy,27086161,2002-07-07,8761
Lautaro Maximiliano,Ramírez,26897790,1989-07-24,2448
Santiago Román,Godoy,38467733,1985-08-30,952
Valentina,Pérez,25821875,1985-02-25,8256
Santiago,Silva,22827665,1983-11-08,5341
Martina,Pérez,26058380,1998-05-15,8658
Joaquin,Muñoz,38391408,1986-12-09,2212
Juan Ignacio,Díaz,34375613,1982-05-27,3492
Sofia,Carrizo,30049476,1988-03-08,5166
Tomas,Rivas,33068210,1987-08-23,8089
Bautista,Loreto,25482762,1993-02-22,7870
Mateo,Pinedo,35628826,2001-05-08,5407
Catalina,Giménez,24106877,1983-05-29,1939
Benjamin,Moreno,30060844,1982-09-15,2095
Agustin,Raimundo,39233800,1983-07-11,2295
Santino,Castro,22232884,1987-08-19,4201
Juan Cruz,Borges,35547840,1981-01-24,3686
Camila,Rotman,30795301,1982-08-19,1442
Francisco,Farina,26440069,1996-11-01,8828
Ignacio,Lorca,30128208,1988-09-22,819
Lautaro,Marini,29223434,1986-07-16,9225
Juan Pablo,Salamone,25294067,1983-03-28,2819
Valentino,Fazzi,29848876,1989-10-26,1902
Lucia,Castro,26113720,1997-06-30,3706
Delfina,Rotman,38627146,2001-10-24,9228
Agustina,Schapira,31257726,1994-12-05,3267
Abril,Portillo,35411267,1984-03-23,8241
Victoria,Rivas,36969219,1993-11-14,9299
Guadalupe,Benítez,32160336,1999-05-22,5044
Nicolas,Leal,35159905,1987-08-02,6918
Valentín,Vasile,30670108,2002-05-22,5368
Julieta,Borges,24689353,2000-04-01,69
Morena,Vasile,31567958,1985-04-23,328
Candela,Rotman,25505942,1988-02-03,5002
Milagros,Lorca,22308620,1990-11-25,3608
Facundo,Nari,31513262,1984-12-08,1385
Matias,Espinoza,34037685,1989-05-14,3678
Maria Victoria,Marín,28553500,1991-08-30,4590
Josefina,Ibáñez,30862048,1984-07-07,5588
Franco,Nari,29483161,1990-08-28,4408
Juan Manuel,Contreras,29874500,1983-01-30,9849
Felipe,Sánchez,34545629,1995-01-30,8493
Juana,Sotomayor,27577302,2003-05-21,6214
Lucas,Valenzuela,36978267,1993-10-26,378
Maximo,Castillo,26037712,1990-10-04,1993
Pilar,Pérez,20923309,1998-01-20,5404
Juan Bautista,Sorbera,38856374,1981-10-11,5685
Lautaro Ezequiel,Salazar,26613589,2000-02-01,2284
Thiago,Hernández,38827881,1983-01-31,1857
Malena,Quispe,21153427,1992-06-16,4109
Lola,Fernández,38866964,1986-04-19,2347
Mia,Santana,38383538,2003-12-17,9404
Santiago Nicolas,Espinoza,30605430,1995-05-10,672
Matias Ezequiel,Moreno,25626248,1997-06-19,5685
Martin,Sorbera,21351300,1991-07-11,1267
Ana Paula,Andrade,39626178,1982-02-17,1504
Tomas Agustin,Amenedo,38796761,2004-07-07,1690
Manuel,González,25447932,2002-05-18,4914
Agostina,Moreno,36988695,1994-12-06,5194
Ramiro,Silva,32316172,2000-10-08,4078
Constanza,Rosso,33718498,1989-11-28,4412
Maria Belen,Sberna,38853412,1993-01-10,8677
Luca,Amenedo,24326867,1983-01-15,815
Bruno,Muñoz,23537503,2000-02-16,5927
Micaela,Jiménez,30871336,1992-05-30,510
Lara,Mamani,36830146,1997-11-02,1283
Federico,Lorenzo,21991588,2000-05-16,2277
Lautaro Agustin,Valenzuela,33178073,1999-03-15,6542
Julian,Soto,21771622,1997-03-21,6095
Lautaro Nicolas,Marini,25993309,2000-10-12,3965
Bianca,Pedone,34564400,1981-02-28,1537
Tobías,Goicochea,24608496,1984-02-07,5387
Renata,Pedone,20027123,1984-01-09,4483
Pedro,Leiva,27967097,1991-12-02,130
Gonzalo,Huarte,28507688,2002-07-20,8441
Sofía Belén,Morales,29141685,1993-08-27,5272
Lautaro Benjamin,Villalba,32050920,2003-11-19,1838
Florencia,Sorbera,22196410,1990-10-20,5773
Juan Gabriel,Nari,21346998,1980-06-01,2062
Rocio Belen,Sojero,39286006,1999-02-14,9931
Lautaro Nahuel,Marini,24301996,1999-05-14,4441
Miguel Angel,Scioti,27653498,1992-08-06,6638
Santiago Agustin,Valenzuela,27307133,1987-07-18,1492
Sebastian,Marchi,34634544,1988-01-22,9447
Emilia,Salazar,22984928,2001-04-15,8646
Jazmin,Rosso,39298497,1982-10-09,7791
Clara,Castro,36587502,2000-12-05,9247
Camila Belen,Rosso,33276993,1988-02-04,6860
Jeremias,Casares,36093189,1986-05-20,8777
Mora,Salem,31233216,1997-06-04,6451
Luciano,Mancuso,30814679,2000-11-21,4933
Alejo,Fazzi,31729655,1991-08-17,3594
Julia,Gómez,38779657,1999-03-23,4958
Maria Valentina,Vera,31619432,1987-04-30,8996
Rocio,Fava,39077596,1982-09-28,2181
Antonella,Saldaña,33536267,1997-07-31,883
Simon,Leal,23506048,1999-08-16,9831
Maria Sol,Demichelis,21911971,1991-09-15,8331
Lucas Ezequiel,Rosso,36590046,1983-08-04,1800
Maria De Los Angeles,Rebollo,28030745,1996-07-06,2869
Guillermina,Nave,39264520,1981-12-26,3941
Valentina Abril,Santana,23207730,1985-05-23,3522
Matias Nicolas,Valenzuela,36762273,1981-07-15,7120
Paloma,Silva,21654677,1995-09-23,4497
Maria Emilia,Sorbera,33082626,1996-12-24,8944
Juan Martin,Loreto,24968297,1994-02-23,327
Ezequiel,Rojas,34932801,1988-07-26,4102
Facundo Nicolas,Farina,23191741,1997-11-02,8828
Paulina,Ibáñez,29629749,1988-06-11,4438
Maria Jose,Nave,20221779,2003-03-05,8685
Juan David,Vasile,32267300,1982-02-19,4288
Lautaro Gabriel,Díaz,37252725,1984-01-04,7753
Juan Jose,Mancuso,22664631,2000-05-15,2065
Tiziano,Saldaña,39659114,1982-03-06,6607
Lorenzo,Marín,25825976,2002-05-21,1699
Santiago Ezequiel,Pavón,23133453,1991-10-20,6119
Maria Luz,Muñoz,27236677,1989-04-18,1131
Lourdes,Scioti,34260309,2001-08-24,8916
Agustin Ezequiel,Abadía,32688353,2003-06-20,5949
Angelina,Schapira,34251348,1982-04-21,8925
Ludmila,Casares,20434288,1993-10-01,9101
Maria Paz,Varela,22445797,1980-01-08,8312
Priscila,Reyes,24412733,1992-04-25,9516
Milagros Belén,Mancuso,24999023,2003-04-24,498
Marcos,Nari,28729856,1992-09-12,5048
Nahuel,Santana,26184314,1996-04-11,7298
Milena,Pereira,30592730,1991-08-15,2166
Luciana,Fazzi,25401069,2003-11-05,2552
Agustina Belen,Loreto,30282720,1996-10-02,1218
Tomas Ezequiel,Varela,26352765,1989-06-16,9490
Nicolas Agustin,Sotomayor,33328527,1989-11-15,2325
Giuliana,Fazzi,33505079,1980-11-07,3543
Santiago Gabriel,Martínez,26737477,1996-09-26,7931
Juliana,Zurich,32239447,1993-11-05,5496
Ivan,Rotundo,32841079,1991-08-10,5981
Maximiliano,Borges,29050034,1982-03-18,4789
Maria Guadalupe,Portillo,38936932,2004-06-26,2617
Isabella,Rotman,21927141,2000-12-08,2549
Santiago Tomas,Marín,38814116,1980-08-14,6254
Angel Gabriel,Ramírez,28377447,1982-11-19,7204
Jose Luis,Muñoz,35414668,1995-10-16,6646
Santiago Nahuel,Varela,35755111,2001-12-02,1931
Gabriel Alejandro,Marín,27011859,1995-07-31,9846
Tiago,Jiménez,25754343,1991-12-19,2378
Joaquín Ignacio,Ibáñez,20003928,1998-09-03,4419
Carolina,Scioti,30305333,2000-06-25,4838
Candelaria,Marchi,34685297,2000-02-23,9890
Octavio,Sánchez,21338264,2002-06-19,134
Jose Ignacio,De Luca,27680535,1990-06-28,8802
Sol,De Luca,31376673,1990-10-15,158
Juan,Castro,39518427,2004-04-23,2172
Lucia Belen,Castillo,22255724,1994-01-24,6217
Dante,Rodríguez,22533776,1981-08-18,9206
Franco Ezequiel,Delgado,26535113,2004-02-04,1657
Lucas Gabriel,Casas,32742957,1987-03-26,7528
Lautaro Joaquin,Gómez,37055976,1994-07-18,497
Juan Francisco,Benítez,23893652,1989-11-18,7077
Geronimo,Sorbera,23330302,1992-09-24,9806
Emiliano,Demichelis,22300895,2002-11-03,6918
Emma,Nari,36483322,1990-12-07,4523
Gabriel,Abadía,33365202,1985-10-21,6064
Maria Agustina,Marchi,32726555,1997-05-02,6691
Agustin Nicolas,Pedone,38106901,1986-01-13,6654
Olivia,Nave,23350236,1984-09-27,9925
Rodrigo Alejandro,Casares,25350589,1991-11-30,7569
Nicolas Ezequiel,Ibáñez,25127075,1984-09-08,872
Maria Eugenia,Fornerón,26827144,1983-08-13,1625
Joaquin Ezequiel,Hoffmann,21357616,2003-07-08,7712
Lautaro Daniel,Goicochea,38495587,1985-09-10,612
Juan Carlos,Rosso,32045050,1983-03-15,9
Maia,Benítez,21474643,1984-07-02,689
Milagros Valentina,Salvador,29321466,1991-08-24,1820
Milagros Abril,Raimundo,27171943,1991-02-10,9623
Franco Agustin,De León,27078853,1981-08-18,2286
Brisa,Sánchez,31755137,1983-05-28,8690
Leonel,Martínez,21176501,1988-03-06,8324
Zoe,Amenedo,29506789,1994-04-27,5837
Augusto,Fernández,26114743,1995-04-19,9028
Lisandro,Fornerón,36080199,1996-07-09,4438
Abigail,Sotomayor,37411977,2004-04-04,9309
Lucio,Sala,28199801,1993-11-19,5839
Alma,Marchi,29701065,1990-10-22,7764
Amparo,Quispe,23319811,2000-01-25,4016
Facundo Ezequiel,Fava,22901465,2000-06-30,3929
Salvador,Leiva,28503166,1992-01-02,1729
Rodrigo,Agüero,36306392,1999-07-30,9213
Thiago Agustin,Basile,26528775,1995-05-12,5860
Matias Nahuel,Hidalgo,37277817,1997-09-24,2599
Franco Nicolas,Huarte,22507295,2004-08-03,1907
Gonzalo Ezequiel,D'Elia,39069366,2001-12-09,664
Ignacio Agustin,Pinedo,34120995,1995-06-10,5139
Lautaro Leonel,Moreno,33667064,2004-06-21,6920
Magali,Rojas,30486625,1998-03-11,5673
Matias Agustin,Scanone,25687335,1986-05-14,4153
Santiago Benjamín,Ramírez,35042336,1980-02-19,912
Milagros Ayelen,Nave,34576978,1988-05-15,7124
Milagros Abigail,García,25956922,1994-11-20,6798
Tiziana,Pinedo,24434508,1986-04-27,6165
Maitena,López,39469790,1993-09-07,5877
Santiago Ariel,Varela,26182168,1983-06-30,4815
Tatiana,Huergo,34077004,1987-08-29,5590
Valentina Abigail,Pineda,39909104,2000-09-16,7225
Maria Milagros,Farina,33933627,1993-03-02,3900
Tomas Benjamin,Casares,34827254,2000-09-12,9988
Santiago Martin,Pineda,30561682,1982-12-18,8503
Rodrigo Ezequiel,Quispe,22806426,2002-12-13,2365
Melina,Castro,36448643,1987-11-13,918
Paula,Álvarez,22583246,2004-06-24,5595
Violeta,Moreno,21499856,1981-09-09,1859
Franco Nahuel,Borges,24921293,1997-01-18,8405
Luisina,Surace,29037492,1992-09-28,2821
Maria Pia,Leal,26277399,1995-08-09,8897
Ana,Rómulo,21373997,1991-09-30,7986
Lucas Agustin,Hidalgo,37047514,1981-02-18,5586
Maria Lujan,Sberna,36312355,1997-11-07,1990
Milagros Agustina,Pineda,34255611,1989-04-18,9548
Mateo Nicolas,Pérez,32229600,2003-01-14,354
Matias Gabriel,Agüero,29592268,2000-10-03,7868
Jeronimo,Godoy,23945254,2003-10-04,3427
Facundo Nahuel,Castillo,32451720,1982-02-17,6278
Facundo Gabriel,Rebollo,39102990,2004-04-07,2862
María Florencia,Abadía,27901518,1987-12-14,6508
Mariano,Delgado,22949084,1983-02-21,3732
Luna,Leal,21189228,1995-06-18,1633
Trinidad,Scanone,24064942,2004-08-12,4069
Milagros Aylen,Giordano,34331373,1990-10-01,5498
Matias Alejandro,Sala,31385689,2001-08-02,5391
Santiago Daniel,Espinoza,24760051,1990-07-05,4016
Ludmila Abigail,Lorenzo,37922789,1991-10-28,7558
Kiara,Rómulo,22166755,1988-10-11,7719
Alejandro,D'Elia,33925263,1992-01-24,6054
Thiago Nicolas,Arredondo,34923014,1983-10-13,8071
Emanuel,Marín,21988365,1993-02-26,3174
Santiago Leonel,Jiménez,23984518,1980-07-18,7077
Axel Gabriel,Pavón,33101841,1982-11-28,7218
Benicio,Vasile,37137998,1990-08-04,6534
Francesca,Sánchez,29664122,1980-04-15,8880
Sofía Valentina,Galán,23798150,1991-11-02,1972
Juan Sebastian,Moreno,36559710,1988-07-19,9362
Ignacio Nicolas,Arellano,24800765,1990-01-12,7999
Lautaro Tomas,Rivera,34627356,1999-07-30,4365
Lucas Nahuel,Mamani,20412989,1980-03-14,2051
Lucila,Totora,27539070,1995-09-23,2455
Maria Celeste,Nari,23448311,2002-11-02,195
Valentina Belén,Jiménez,21850857,1991-01-02,6162
Priscila Abigail,Sorbera,33380102,1997-08-12,6793
Lautaro Valentin,Rojas,27554898,1999-02-25,1785
Ciro,Casares,26914746,2004-02-04,429
Lautaro Emanuel,Pavón,35111440,1986-04-29,1222
Thiago Benjamin,Giordano,29665396,1990-03-01,2997
Luis Fernando,Muñoz,22565345,1993-06-29,7516
Maria,Amenedo,36363324,1994-10-19,6177
Alvaro,Rivas,31529894,2000-01-17,8225
Candela Abigail,Pavón,36163304,1986-10-05,4726
Joaquin Alejandro,Ramírez,24741466,1993-09-28,2547
Genaro,Sotomayor,33118806,1988-11-06,2527
Magdalena,Espinoza,35286603,1993-07-20,8595
Agustin Alejandro,Demichelis,30565296,1999-12-15,1732
Santiago Valentin,Santana,28196184,1989-07-29,4171
Santiago Emanuel,Mamani,20611270,2002-08-24,307
Santiago Joaquin,Mejía,37742535,1988-09-30,7609
Martin Alejandro,Morales,27853955,2003-12-01,6497
Thiago Nahuel,Maradona,35154892,1992-08-20,3741
Mateo Benjamin,Vera,24982172,1987-01-11,8810
Franco Gabriel,Scioti,39611133,1980-01-07,6402
Facundo Agustin,López,36486608,1991-06-20,87
Lautaro Sebastian,Salem,32176788,1991-10-14,8914
Milagros Soledad,Galán,29714531,1990-07-21,4087
Ana Laura,Reyes,30273429,1983-09-21,6929
Lautaro Martin,Maradona,21314169,1993-04-19,2603
Celeste Abigail,Arredondo,30160974,1984-08-24,2933
Nicole,Jiménez,31796622,1993-12-31,5611
Abril Agustina,De Luca,34850054,1993-08-05,3918
Nicolas Alejandro,Galán,33384266,1995-03-16,1246
Lucas Daniel,Scanone,33024542,2004-05-07,8787
Micaela Belen,Pereira,37733480,2000-05-17,9139
Chiara,Benítez,34964409,2003-07-11,2636
Victoria Abril,Gutiérrez,22212692,1998-07-09,2877
Manuela,Sberna,37726478,2004-04-18,6155
Ulises,De Luca,22238821,1999-06-24,9590
Franco David,Lorenzo,33282952,1982-03-01,353
Santiago David,Agüero,39710952,1989-11-19,8406
Tomás Valentin,Hoffmann,31608581,1994-09-24,3553
Gonzalo Nicolás,Totora,23756715,1987-06-18,7002
Uriel,Marino,22105174,1995-05-11,3861
Joaquin Nicolas,Álvarez,39495099,1990-03-23,662
Thiago Valentin,Rojas,35237177,1985-06-15,8448
Román,Rotman,33348764,1988-07-16,3116
Luciano Gabriel,Álvarez,32764097,1985-12-14,8258
Camila Aylen,Pérez,35121992,1991-04-27,8794
Mia Valentina,Mamani,35211032,2000-09-05,1265
Thiago Ezequiel,Gómez,34455859,1993-01-23,4061
Fiorella,Marchi,39715103,1983-04-13,6523
Celeste,Sosa,23912434,1982-06-10,7617
Avril,Farías,39492773,1981-03-19,1951
Luciano Nicolas,Jiménez,34268579,1987-02-05,9289
Valentina Aylen,Casares,35225698,1999-05-12,792
Martina Belen,Marini,20303536,1983-07-15,6340
Tomás Alejandro,Santos,35507330,1999-01-11,1469
Martin Ezequiel,Leal,25692434,2000-09-02,9174
Luciano Agustin,Zurich,20022289,1995-02-10,1549
David,Mariani,36589442,1985-10-01,7846
Mateo Agustin,Galán,33642597,2004-03-19,736
Candela Belen,Salazar,29794779,1991-05-05,8494
Franco Leonel,Giménez,30435424,1980-12-14,3918
Kevin,Scioti,30971125,2002-10-15,199
Ludmila Ayelen,Marino,24205225,1995-03-04,341
Abril Valentina,Salazar,24652745,1993-12-10,5111
Felicitas,Surace,29048561,1997-04-13,7641
Camila Ayelen,Portillo,23850468,1984-02-14,4555
Marcos Gabriel,Marchi,32120017,1985-09-27,6808
Nahuel Agustin,Nari,30962315,1980-02-27,2731
Julieta Valentina,Sberna,35223476,1982-09-14,9747
Candela Agustina,Sotomayor,36339724,1997-04-18,2182
Kevin Ezequiel,Carranza,34803058,1993-11-27,9202
Luciano Ezequiel,Huergo,32923718,1989-01-03,5215
Andres,Carranza,34392480,2001-08-21,8760
Leonel Agustin,Rotundo,22334961,1996-03-13,7351
Ian,Sotomayor,32243714,1981-09-19,8218
Braian Ezequiel,Rojas,21997603,2004-03-23,6842
Valentina Milagros,Fernández,28985305,1994-01-21,9073
Rocio Milagros,Marini,39467100,2003-12-23,2746
Axel Uriel,Fava,23822159,1999-10-13,6479
Milagros Ailén,Leal,34778687,2003-06-07,6374
Fausto,Jiménez,29066218,1985-12-23,3288
Tadeo,Rotman,32135987,1991-11-23,8116
Daniel Alejandro,Soto,22596563,1983-09-03,4561
Axel Nahuel,Mora,39613172,1985-03-27,5898
Camila Agustina,Leiva,27327897,1982-05-25,2481
Luz Milagros,Rotman,26196993,2004-06-26,4250
Luana,Lorenzo,34437700,1983-08-07,9287
Matias Leonel,Delgado,37865994,1982-02-17,4579
Ornella,Sala,25041867,2002-04-25,2869
Enzo,Fernández,34844947,1986-02-06,1370
Brian Ezequiel,Díaz,38298438,1992-07-19,5906
Ludmila Belen,Marchi,39269037,2003-03-31,5506
Belen,Arredondo,29497589,1990-11-07,2338
Gaspar,Marín,34230104,1987-05-17,4234
Lionel,Martínez,30776765,1981-05-15,4178
Uma,Giordano,39216133,1994-06-10,4133
Nicolas Gabriel,Álvarez,35477174,2002-06-30,5723
Oriana,Moreno,20093526,2003-04-09,6295
Ignacio Gabriel,Raimundo,23284967,1993-03-07,4573
Justina,Soto,29755971,1989-11-23,9264
Sofia Magali,Gómez,30281486,1999-04-19,7663
Lucas Martin,Moreno,26581546,1988-12-04,220
Alexander,Varela,38665150,1989-02-24,2441
Ignacio Joaquin,Pineda,23767922,1985-03-18,2134
Leandro,Espinoza,31250811,2003-06-30,4140
Sofia Micaela,Quispe,25616127,1989-02-03,3701
Luz Maria,Farías,34550029,1991-07-22,3219
Matias Benjamin,Schapira,21443831,1993-11-04,1154
Rosario,Fernández,31167318,1982-08-01,9492
Axel Leonel,Mariani,37009316,1985-01-25,8807
Candela Abril,Godoy,32053058,2003-09-20,3250
Gonzalo Agustin,Nessi,33749421,1989-01-31,8896
Rodrigo Nicolás,Rivera,33131576,1982-03-24,7032
Thomas,Moreno,31375178,1990-04-28,3929
Ana Clara,Borges,35906191,1999-02-18,9463
Fabricio,Mancuso,22600068,1999-05-26,2280
Brisa Abigail,Loreto,26737725,1993-01-14,9075
Axel,Vera,32545737,1989-09-04,7544
Maria Del Pilar,Hidalgo,33393913,1984-08-16,6411
Gianluca,León,20140163,1998-12-07,3208
Fermín,Santana,39954334,1985-01-15,1352
Iara,Salvador,23010209,1982-09-18,1264
Tomas Gabriel,Martínez,35280427,1994-09-25,2508
Julieta Belen,Gonzales,35451787,2000-12-06,942
Lautaro David,Fornerón,29063875,1981-09-19,495
Axel Fernando,Agüero,28825881,1989-08-30,6641
Sofia Victoria,Pedone,30481638,1992-05-03,6268
Ambar,Santana,36103643,1990-02-25,6836
Pablo Ezequiel,Rojas,31718568,2002-11-28,2252
Juan Andres,Álvarez,37005603,1989-09-17,9683
Ana Belen,Pereira,25051812,1982-04-21,9779
Sofia Aylen,Flores,28355626,1993-08-05,2116
Alan Gabriel,Quispe,26233905,2004-01-03,8822
Lucas Leonel,Sorbera,33952267,1996-08-15,8951
Maximiliano Ezequiel,Varela,33712573,1994-02-27,1215
Camila Abigail,Rotman,28067482,1984-08-21,3952
Candela Valentina,Basile,32025873,1992-10-15,6253
Nahuel Alejandro,Rotman,20056585,1998-10-12,2284
Gabriel Agustín,Rivas,29380377,1993-12-23,4680
Benjamín Ezequiel,Fernández,33302433,1985-12-08,3316
Matias Daniel,López,30499823,2000-11-20,6507
Lucas Ariel,Vargas,38116091,2003-11-14,5846
Tomas Ignacio,Hernández,27177053,1981-05-05,2921
Alan Ezequiel,Varela,31959556,2001-09-18,3688
Sara,Leiva,37078415,1995-01-22,4879
Camilo,Moreno,38855560,1991-04-14,2356
Agustina Micaela,Sorbera,23316572,1993-02-04,5697
Facundo Daniel,Álvarez,38671823,2004-06-22,8062
Lourdes Valentina,Mora,32760729,2002-03-25,8771
Gaston,Marini,21705619,1983-01-03,4780
Francisco Javier,Duarte,28425539,1986-06-23,1451
Candela Milagros,Villalba,35676294,1992-04-09,8426
Sofia Milagros,Ibáñez,28639592,1994-02-24,4897
Maria Candela,González,24890738,1983-09-02,3421
Lucas Emanuel,Nessi,30627874,1982-09-17,7593
Fernando Jose,Rotundo,27742006,1981-11-23,358
Daniel,Rivas,34646291,2003-01-06,4756
Nazareno,Godoy,20375050,1986-11-13,9709
Florencia Belen,Álvarez,30665189,1986-10-03,1688
Mateo Ezequiel,Salazar,36924850,2002-04-15,6105
Luciana Belen,Fornerón,34458153,1990-10-13,7267
Benjamin Alejandro,Huergo,37209105,1986-04-08,4176
Matias Ariel,Carrizo,25896131,2003-12-01,954
Brisa Aylen,Sojero,22808976,1985-10-12,853
Santiago Alejandro,Marchi,36534168,1992-02-06,5170
Virginia,Mancuso,32620402,1995-03-07,2619
Facundo Ariel,Raimundo,33026065,1990-04-22,2168
Martina Abril,Morales,21351820,1980-04-08,1692
Tobias Ezequiel,Duarte,25324655,2001-12-13,1843
Macarena,Leiva,39035159,2002-11-05,7131
Ariana,Fernández,23955759,1996-06-06,9609
Thiago Gabriel,Saldaña,36909613,1991-05-21,4028
Lautaro Alejandro,Raimundo,20490802,1992-08-17,3405
Lautaro Uriel,Soto,21684488,1986-09-03,8261
Ines,Arredondo,25665937,1995-11-12,8318
Ariel,Rivas,21315869,1988-08-23,6501
Maria Josefina,Rodríguez,23181793,1985-11-28,1991
Patricio,Portillo,25771833,1997-07-06,3476
Gonzalo Gabriel,Morales,33685644,1987-10-25,6288
Lucas Nicolas,Amenedo,26018018,2001-11-13,8477
Maria Fernanda,Sala,33246289,1985-09-02,2194
Rafael,Castro,36074395,1994-04-13,9475
Rodrigo Nahuel,Salem,35044722,1998-08-21,4171
Luisana,Mariani,24482697,2001-07-19,59
Leonel Alejandro,Álvarez,31233456,1985-03-10,1980
Rocio Abigail,Pereyra,34601197,2003-05-28,3302
Gino,Casas,33497647,1988-07-12,9219
Joaquina,Pavón,35668047,1982-09-14,6193
Marco,Sotomayor,33187606,1996-10-03,7897
Lautaro Javier,Pavón,30713022,1997-03-16,8929
Celina,Fernández,36938001,2002-01-20,3779
Ludmila Aylen,Portillo,20829789,2004-02-02,4385
Alexis Ezequiel,Moreno,25577023,1993-01-06,617
Thiago Joaquin,Zurich,23085449,1986-02-16,2748
Alexis Gabriel,Salem,33255142,1997-01-14,9082
Federico Agustin,Rosso,22239435,1983-11-05,8238
Lara Valentina,Carrizo,33325950,1999-04-27,3819
Florencia Agustina,Raimundo,35533971,1990-11-12,6724
Maria Pilar,Saldaña,33134712,2000-05-08,4484
Santiago Andres,Sosa,20811272,1997-10-26,6900
Camila Milagros,Giordano,34360165,1992-05-15,6529
Franco Daniel,Amenedo,20268565,1995-08-14,4456
Marcos Agustin,Sojero,21130517,1996-01-18,8093
Ana Lucia,Álvarez,28349783,2002-01-02,1601
Thiago Uriel,Casares,27792215,2003-03-02,2123
Santiago Javier,Scioti,35975744,1990-12-05,3058
Marco Antonio,Marino,21616916,1983-07-04,9167
Ana Luz,Hidalgo,33338852,2002-07-20,260
Rodrigo Sebastian,Jiménez,29141928,1999-11-07,7437
Maria Paula,López,26375699,1983-01-02,734
Rocio Micaela,De León,29453091,2000-10-29,8002
Camila Abril,Loreto,25160437,1997-02-15,3511
Milagros Guadalupe,Mejía,20931495,1982-12-20,6454
Valentina Magali,Contreras,28034070,2003-12-18,8825
Kevin Nahuel,Duarte,25365005,1991-11-03,5509
Francisco Nicolas,García,37548505,1987-09-17,3989
Micaela Ayelen,Benítez,20797232,1999-05-10,1540
Maria Del Rosario,Agüero,22776496,1995-04-26,1263
Martin Nicolas,Vasile,32844711,2001-11-01,698
Federica,Delgado,33283375,2003-05-24,6924
Facundo Tomas,Galán,32152689,2000-08-08,7238
Santiago Uriel,Mariani,25577528,1996-09-28,3093
Carlos Daniel,Leiva,37511748,1999-08-25,2838
Lucas Sebastian,Loreto,27186889,1989-02-09,9753
Axel Ezequiel,Rotundo,26861788,1980-08-27,8224
Mateo Joaquín,Rómulo,27827688,1986-12-07,3112
Leandro Ezequiel,Rodríguez,27884515,1980-09-26,8351
Ludmila Milagros,Goicochea,30669510,2003-10-02,6304
Lautaro Ariel,Contreras,24266576,1999-06-02,8549
Diego,Fava,34227706,1987-07-23,5907
Julio Cesar,Espinoza,37855728,1984-09-13,3228
Vicente,Salem,23356096,1994-12-08,3812
Francisca,Rojas,20924799,1995-06-26,5893
Mariana,Fazzi,20846449,2000-08-11,9601
Luis Alberto,Salem,23762232,1994-02-08,1056
Rocio Ayelen,Gómez,30006223,1992-01-16,5587
Fernando,De Luca,32849299,1988-06-18,848
Ema,Pavón,39883662,1994-08-19,7511
Alexis Nahuel,Maradona,37026581,1993-11-20,724
Ignacio Ezequiel,Fava,32712790,2000-05-04,2896
Milagros Lujan,Nave,28957306,1981-06-30,2419
Kevin Agustin,Espinoza,31183859,1991-06-11,4678
Facundo Leonel,Rivera,20934521,1984-03-19,7686
Abril Agostina,Basile,29782105,1984-04-19,705
Maite,Díaz,33722475,1998-02-01,9557
Sebastian Alejandro,Basile,36634299,1981-07-25,8209
Dylan Ezequiel,Rómulo,26963086,1998-02-04,1062
Maria Constanza,Nari,35284877,2001-04-26,9264
Maximiliano Gabriel,Delgado,22546130,1995-09-04,6492
Daniela,Pérez,31551999,1996-12-06,1507
Lucas Benjamin,Fazzi,39384012,1998-09-12,6552
Lautaro Jesús,Salem,29745965,1994-07-18,8384
Lucas Joaquin,Sberna,35145441,1999-01-22,9378
Thiago Leonel,Leiva,25827151,1996-03-23,4936
Axel Daniel,Pineda,36603938,1998-06-27,6461
Azul,Mejía,20638560,2004-04-13,4389
Sofia Abril,Rivas,32002538,1989-05-31,5770
Milagros Micaela,Mamani,27247001,1982-06-23,7710
Milagros Magalí,Basile,37722289,1986-09-28,804
Maria Lucia,Saldaña,27690046,2002-05-28,9047
Marcos Ezequiel,Quispe,28984492,1999-03-11,7817
Lucas David,Castro,22347345,1990-02-25,285
Axel Agustín,Portillo,28570131,2000-11-27,6993
Gonzalo Nahuel,De Luca,28168531,1980-09-11,4990
Thomas Agustin,Nave,35616788,2002-03-19,9644
Franco Tomas,Mariani,26965700,2000-06-21,5198
Florencia Abigail,Zurich,21743000,1998-09-30,2447
Maximo Agustin,González,37684339,1984-04-29,9766
Camila Soledad,Gutiérrez,26265715,1995-12-26,9655
Luciano Benjamin,Contreras,29815611,1992-01-23,9105
Bautista Nicolas,Rotman,20261779,2001-11-23,4551
Fabrizio,Hernández,21583113,1993-12-07,1079
Alfonsina,Álvarez,38750738,1997-01-27,9947
Lautaro Exequiel,Totora,31050257,1998-07-03,5914
Leonardo,Vasile,39337670,2002-06-14,6801
Mateo Valentin,Sorbera,30446817,1987-03-29,6406
Juan Agustin,Sánchez,31208730,2000-08-17,8516
Brisa Ayelen,Abadía,31844526,1986-07-19,387
Laureano,Raimundo,23399511,2002-07-11,9431
Lautaro Damian,Martínez,26233207,2004-06-01,9531
Leandro Nicolas,Sánchez,30058187,1984-12-30,1859
Matias Sebastian,Fornerón,27854498,1994-12-16,605
Francisco Agustin,Valenzuela,21359122,1984-06-11,9401
Carola,Schapira,26945502,1983-03-26,8676
Elias,Huarte,31631763,1986-07-26,235
Rocio Guadalupe,Salamone,24395612,1981-11-16,1653
Ignacio Benjamin,Salem,37318099,1993-10-17,5440
Maria Laura,Pavón,39537246,1992-05-18,5516
Facundo Emanuel,Sánchez,25759006,1993-02-27,6034
Facundo Martin,Ramírez,20594427,1994-08-17,9025
Pablo Agustín,Rojas,30638066,1988-11-08,564
Agustina Milagros,Demichelis,28877589,1982-02-04,6064
Valentina Jazmin,Sojero,34508436,2001-11-13,9547
Sofia Ailen,Salem,21020575,1989-09-06,1215
Florencia Magali,Mejía,36812743,1986-03-24,7945
Valentina Guadalupe,Amenedo,32161130,1997-08-03,1372
Kevin Nicolas,Fazzi,35984553,1994-01-16,8840
Ana Sofia,Basile,24225514,2004-06-05,7310
Aylen,Marín,24451128,1983-04-18,5480
Thiago Lionel,Rómulo,22080073,1982-05-08,8193
Franco Emanuel,Vargas,35942284,1996-07-27,8914
Eugenia,Gutiérrez,34498340,1987-07-17,55
Rocio Magali,Mejía,33170397,1997-03-18,2633
Valentina Luján,De León,32146796,1982-11-25,5325
Federico Nicolas,Giménez,36878932,1988-11-29,5912
Morena Abril,García,20782511,2003-08-04,3505
Candela Magali,Portillo,28515205,1990-09-02,2394
Aldana,Reyes,25222752,1993-01-12,9506
Elias Ezequiel,Rómulo,36787463,1993-08-19,2428
Tobias Benjamin,Andrade,33523363,1996-11-19,9659
Leandro Agustin,Carranza,32028298,2003-01-11,1767
Tomas Nahuel,Lorenzo,32740935,1988-04-11,6618
Esteban,Huergo,22971921,1996-02-05,5197
Tobias Agustin,Rotman,20357614,1982-01-10,8333
Matías Emanuel,Zambrano,25485026,1982-02-28,6895
Lucas Santiago,Mariani,21227507,1986-05-19,5898
Sofia Guadalupe,Portillo,32122421,1998-06-04,5593
Ernestina,Agüero,38423198,1980-04-29,4256
Iñaki,Giménez,20664055,1997-08-19,9975
Julieta Abril,Portillo,33730468,1994-02-14,6037
Valentina Ayelen,Flores,21634608,1984-10-12,616
Santino Nicolás,Contreras,27975457,1992-01-02,1039
Cristian Gabriel,Nessi,28997085,1994-03-21,4041
Tatiana Abigail,Galán,28304711,1993-02-21,4350
Giuliano,Marino,24829497,2004-03-26,6505
Jose Manuel,Lorca,23553402,1983-11-09,9017
Santiago Ivan,Silva,21065972,1994-03-25,4650
Rodrigo Agustín,Pineda,21059151,1995-07-12,9400
Milagros Agostina,D'Elia,39038769,1984-05-02,1367
Ezequiel Alejandro,Muñoz,39895905,1980-07-03,1227
Jeremias Ezequiel,Pedone,34601510,1996-12-04,2791
Maria Agostina,Soto,37272947,1995-08-29,4379
Nahiara,Pereyra,24081363,1992-10-20,6779
Valentina Soledad,Mariani,27350776,1986-08-29,1364
Alan,Mejía,38590599,1980-10-18,2068
Candela Agostina,Hoffmann,24574584,1994-10-04,4627
Abril Milagros,Villalba,29682919,1996-05-11,9024
Mercedes,Villalba,39090884,1982-12-16,4305
Axel Nicolás,Sotomayor,32088713,1989-12-22,3847
Santiago Jose,López,34369296,1998-02-07,3450
Juan Pedro,Silva,23392910,1985-12-20,1619
Agustin Gabriel,Rotman,34208934,1988-10-03,4540
Rocio Aylen,Lorenzo,25678837,1993-11-25,7871
Carmela,Vargas,33985084,1995-06-25,771
Joaquin Andres,Santos,27888799,1982-10-09,8391
David Ezequiel,Jiménez,32298246,1984-08-14,4936
Sofia Abigail,Salazar,25800042,1989-02-11,3340
Joaquin Gabriel,Basile,20845569,2000-05-11,8907
Ludmila Magali,Mejía,39391937,1981-04-29,1230
Francisco Jose,Rojas,32776998,2002-04-20,9022
Nazarena,Gutiérrez,32103730,2004-02-29,5168
José Antonio,Mariani,38887920,1984-06-14,5565
Luis Miguel,Saldaña,35983174,1983-11-26,4850
Ivan Ezequiel,Huarte,25696866,1993-01-03,8456
Agustina Soledad,Borges,27217949,1993-08-02,2183
Baltazar,Ramírez,32070457,1986-11-18,577
Jonathan Ezequiel,Casas,21806222,2004-03-20,7245
Teo,Portillo,24214962,1985-07-27,5962
Sebastian Ezequiel,Godoy,22045190,2000-06-25,610
Tatiana Belen,Duarte,34133692,1987-02-11,470
Lautaro Lionel,Huergo,26100459,1999-10-21,5168
Angel David,González,20620698,1980-08-23,6840
Ignacio Martin,Castro,28810535,2004-05-30,2683
Luis Alejandro,Flores,32641673,1989-04-25,9125
Priscila Ayelen,Borges,22356996,2001-02-23,665
Maria Candelaria,Gutiérrez,21266229,1993-12-13,9639
Rocio Valentina,Rivera,35491000,1996-12-23,8615
Ramiro Agustin,Fernández,34787741,1993-11-29,6956
Alexis,Muñoz,26849398,1996-08-21,3020
Jose Maria,Zambrano,36656594,1999-11-10,3234
Carlos Gabriel,Silva,31033102,1990-05-04,3814
Thiago Martin,Delgado,23418038,1985-07-24,1880
Bruno Nicolas,Zurich,39178165,2000-01-29,9624
Luciana Valentina,Sberna,32552171,1991-11-15,2130
Sofia Antonella,Casares,20753312,1992-03-25,9612
Priscila Belen,Sosa,20995229,1987-08-20,8294
Uriel Alejandro,Leiva,34974312,1990-07-25,2006
David Alejandro,Huarte,30362169,1997-06-23,4367
Iara Valentina,Salvador,39213946,2003-06-09,7509
Priscila Aylen,Mejía,27422583,1994-03-23,3216
Franco Sebastian,Marino,28243925,1993-04-29,905
Agustina Aylen,Pinedo,32284617,2002-04-16,5919
Camila Ailen,Vargas,24313641,1995-08-09,7473
Agustina Abigail,Zambrano,25267007,1985-11-22,5487
Dylan Gabriel,Valenzuela,26332530,1980-04-21,5811
Alejo Nicolas,Pavón,20549527,1983-02-16,3600
Micaela Agustina,García,27392472,1980-07-21,153
Leandro Gabriel,Casares,30483420,1991-02-25,228
Dolores,Pérez,28220264,1987-10-21,8007
Kevin Daniel,Huergo,34187851,1996-02-18,528
Maria Lourdes,Rómulo,38258709,1992-11-01,2693
Elias Gabriel,Huarte,26735947,1987-04-09,4150
Francesco,León,28601276,1990-01-25,9043
Rocco,Jiménez,23323456,1990-04-17,653
Dylan Uriel,Benítez,29479297,1982-12-01,150
Brisa Milagros,Santos,21128797,1999-02-22,3769
Bianca Valentina,Leal,31641167,1988-06-20,1386
Marcos Antonio,Schapira,36020868,1985-09-24,8590
Tomas Joaquin,Pavón,39382167,1984-05-05,2839
Gonzalo Sebastian,Mariani,22677805,1994-02-27,575
Tomàs Ariel,Salamone,29032666,1992-06-24,8653
Axel David,Abadía,35627440,1988-10-06,3280
Agostina Belén,Duarte,24491287,1982-06-06,3431
María Magdalena,Arredondo,33418851,1989-07-25,7257
Lourdes Abril,Pereira,37759263,1981-03-22,4731
Juanita,Sánchez,38434787,1998-05-10,3981
Agustina Ayelen,Morales,22657078,1983-11-14,8036
Geraldine,Amenedo,21258202,1987-11-12,8288
Irina,Leiva,25161703,1998-02-05,6084
Ramiro Nicolas,Sojero,20433320,1994-07-21,5323
Mateo Gabriel,Fazzi,34965984,1999-02-18,6422
Milagros Anahi,Soto,21594983,2003-11-19,1203
Iara Abigail,Castro,26033122,2000-12-20,3198
Candela Jazmin,Demichelis,34691583,2000-01-09,9737
Bruno Ezequiel,Scioti,20601401,1988-05-17,2973
Brisa Magalí,Zurich,33626255,1994-07-12,3072
Francisco Tomas,Sosa,31974679,1994-07-24,4865
Tomas Emanuel,León,30864444,1983-01-15,9523
Joaquin Uriel,Casares,26545334,1984-02-07,6983
Maria Delfina,Gonzales,25426034,2001-10-04,7766
Barbara,Salazar,24380562,1988-12-15,5955
Santiago Ismael,Contreras,23587873,1993-06-22,379
Tobias Uriel,Basile,37836974,1986-08-06,7984
Ludmila Abril,Mancuso,37806256,1998-10-08,338
Leandro Nahuel,Casares,38379343,1997-05-03,1716
Cristian,Abadía,28780478,1994-02-16,9469
Julieta Magali,Delgado,36316398,1981-05-06,7085
Fátima,Ramírez,30033636,2001-06-15,9538
Facundo Sebastian,Díaz,30523182,1992-06-05,5629
Gianfranco,Marín,28760218,1986-09-21,5552
Fernando Gabriel,Rivera,34320064,2003-10-25,1213
Thiago Tomas,Abadía,25493754,1996-06-21,6884
Alejandro Gabriel,D'Elia,38940032,1987-06-02,3199
Sofia Agustina,Rotman,24679280,1990-11-10,8425
Agustina Abril,Mora,20067958,1992-01-02,8099
Lucia Milagros,Rotman,21639590,1983-12-10,9960
Maia Valentina,Lorenzo,38915687,1996-01-25,9234
Araceli,Vera,27545791,1981-06-15,9017
Agustina Magali,Gutiérrez,34878395,1984-03-26,8209
Morena Abigail,Surace,36192012,1985-01-05,7825
Gonzalo Daniel,Fava,25720280,1998-11-20,9829
Faustino,Maradona,34329822,1986-09-01,9432
Valentina Micaela,Arredondo,24646219,1983-10-17,7374
Ignacio Valentin,Nave,34370087,1993-02-22,9891
Maria De Los Milagros,Salamone,29573587,2001-03-13,7719
Brian Nahuel,Leiva,20620659,1990-06-23,2709
Lautaro Andrés,Mora,30789439,1986-01-14,4395
Dylan Agustin,Martínez,32726566,2001-05-21,8592
Fernando Ezequiel,Contreras,24554977,1986-03-30,4940
Lucas Alejandro,Morales,27578430,2000-02-02,9231
Milagros Antonella,Hidalgo,34111285,1982-11-19,6495
Alan Nahuel,Pérez,38538203,1992-01-16,9951
Tobias Nahuel,Pereira,30217447,1983-07-10,8842
Joel,Loreto,37567930,2001-08-03,4245
Lucca,Vera,31357692,1989-04-13,4184
Martin Ignacio,Galán,39809339,1999-06-14,5083
Matias Joaquin,Hoffmann,27188320,1982-12-01,240
Nahuel Ezequiel,Arredondo,29740633,2001-02-10,9905
Milagros Rocío,Martínez,24734141,1980-06-25,751
Alejandro Ezequiel,Casas,32199218,1984-10-12,7496
Valentina Ailén,García,39948864,2004-04-26,7496
Alejandro Daniel,Varela,35660295,2001-12-13,5825
Zoe Valentina,Pérez,32693230,1984-06-27,3803
Maximo Alejandro,Delgado,31098727,1980-11-19,8322
Pablo,Varela,27659428,1994-05-22,7277
Luciano Joaquin,Marín,22735117,1987-06-09,3426
Ludmila Ailen,Sosa,37749084,1990-02-14,7798
Brisa Valentina,Quispe,24734572,1998-01-28,5498
Enzo Gabriel,Pérez,36007044,1987-02-16,2372
Estefania,Farina,29869318,1992-02-09,6289
Maria Sofia,Moreno,25318417,1988-08-13,7165
Kiara Abigail,Rivera,28854229,2000-07-11,888
Thiago Sebastian,López,24415865,1982-07-04,1822
Ivo,Delgado,24117649,1997-10-01,5837
Brenda,Martínez,39572164,1984-02-20,134
Florencia Valentina,Mejía,20671854,1981-09-19,4191
Pablo Nicolas,Sosa,27010143,1981-05-15,8865
Juan Antonio,Giordano,37924082,1994-07-15,885
Brian Nicolas,Mora,27892004,1983-01-23,5020
Leon,Vasile,24965361,1995-05-17,6205
Gonzalo Martín,Zurich,28412671,1989-11-22,245
Alejo Benjamin,Silva,23050137,1995-01-08,5316
Javier Alejandro,Andrade,33696247,1990-11-25,5540
Alexis Nicolas,Gonzales,32385799,1982-09-27,5059
Ana Victoria,Portillo,38743311,1990-08-17,9653
Maria Clara,Rotundo,35096652,1987-09-22,814
Jorge Luis,Scanone,35591981,1992-12-11,3417
Maximiliano Agustin,Marini,21359966,1990-04-27,1339
Ignacio Tomas,Carrizo,30227200,1982-05-19,5384
Ramiro Ezequiel,Basile,29466208,1985-12-13,1964
Santiago Manuel,Valenzuela,25428762,1993-10-28,1085
Candela Aylen,Pineda,35514116,1983-09-05,2103
Serena,Mejía,28069414,1997-03-09,4821
Selene,Salvador,26802084,1987-02-01,6711
Stefano,Fazzi,26226577,2002-07-16,9952
Ismael,Álvarez,24240036,1995-12-30,5583
Priscila Magali,Espinoza,37933508,1996-07-10,3810
Helena,Rotman,20321124,1983-10-28,445
Ana Maria,Salem,39474561,1992-11-16,2998
Miranda,Rómulo,37961562,1996-08-14,8260
Tobias Nicolas,Arellano,26481607,1983-06-23,9405
Jorge Daniel,Leiva,28083766,1989-02-12,5993
Benjamin Nicolas,Basile,26293526,1982-08-25,4956
Bautista Benjamin,Álvarez,30637069,1998-09-04,4812
Santiago Sebastian,Pereyra,27529778,1991-04-19,6193
Valentina Nicole,Gómez,29788484,1987-03-06,6888
Ana Valentina,Carrizo,25617132,1999-05-24,8624
Martin Gabriel,Álvarez,23467842,1984-12-12,7560
Morena Valentina,Lorenzo,28008414,1981-05-16,1215
Joaquin Leonel,Leal,39752108,1988-07-05,3260
Lucía Magalí,Sala,31430954,1980-11-10,6679
Matias Ignacio,Delgado,25677271,1993-09-25,3794
Ignacio Sebastian,Delgado,36500491,1999-09-07,9959
Santiago Jesus,Agüero,38410643,1985-12-05,691
Federico Ezequiel,Raimundo,30221317,1991-08-19,3944
Marcos Daniel,Ibáñez,31350744,1983-03-28,3679
Mauricio,De Luca,29217729,1994-10-15,3989
Gabriel Nicolas,Maradona,30924940,1982-12-27,6466
Nicolas Martin,Martínez,30761978,1987-07-22,6215
Samuel,D'Elia,36430812,2000-11-07,3443
Santiago Lionel,Goicochea,23449915,1990-07-05,2490
Agustin Emanuel,Totora,31143118,1996-10-09,4902
Tiago Nicolás,Vera,38077347,1996-04-14,5899
Camila Rocio,Goicochea,28421681,1983-09-12,23
Diego Agustin,Ramírez,27209914,1991-02-08,5034
Marcos Nahuel,Carrizo,25810815,1999-12-24,7278
Kiara Valentina,Rebollo,34647574,1984-02-04,8157
Joaquin Sebastian,Álvarez,31805716,1983-06-05,2799
Milagros Jazmin,Rojas,39764693,1993-11-09,2398
Diego Alejandro,De León,32185478,1980-12-18,510
Rodrigo Gabriel,Villalba,33621724,2000-09-23,6074
Gonzalo Joaquin,Rotman,30335924,1983-06-18,7159
Tiago Benjamin,Hoffmann,36043646,1997-11-19,9075
Facundo Benjamin,Gómez,32294675,1994-12-10,5601
Antonella Belén,Goicochea,25055603,1980-07-05,8408
Emilio,Sberna,29232957,1986-03-09,8023
Ignacio Nahuel,Santana,26146238,1986-08-05,5203
Alan Leonel,Loreto,29001036,1986-10-16,9892
Julieta Abigail,Maradona,21310038,1980-04-10,1827
Maria Isabel,Vasile,29162144,1989-10-28,9561
Ana Gabriela,Nave,27520735,2002-09-04,4788
Sofia Ayelen,Leal,33733990,1987-08-04,8979
Gianella,Sojero,34882477,1999-02-03,4523
Juan Segundo,Farías,32785336,1981-01-25,7037
Ailen,Mora,32863869,2001-07-29,185
Jonathan,Pedone,33650471,2002-09-08,5090
Alex,Marín,21926461,1991-12-27,1416
Sol Agustina,Pavón,21228697,2003-04-17,8059
Tiago Agustin,Vera,36531176,1987-04-09,1883
Ariadna,Castro,21494875,1995-03-30,8210
Kiara Aylen,Espinoza,26098623,1996-05-14,3613
Javier,Contreras,31406506,1985-05-18,9922
Cristian Ezequiel,Rivas,30007779,2001-03-09,4336
Daniel Agustin,Marín,30909171,1988-06-20,7156
Juan Roman,Rebollo,29945067,1992-05-25,6106
Leonardo Gabriel,Pereira,33671734,2002-12-16,3777
Gonzalo Emanuel,Rivera,30013341,1983-06-25,888
Maximo Gabriel,Quispe,26910756,1999-05-11,1679
Miguel Alejandro,Fazzi,26381462,1986-01-14,9779
Gastón Ezequiel,Sojero,21922126,1988-09-27,8441
Rodrigo Emanuel,Salazar,38755807,1985-10-23,8424
Lucas Valentin,Borges,33178536,1982-07-08,8377
Brenda Magali,Vera,27967465,1985-05-09,2671
Lucas Matias,Rómulo,33763293,1983-05-05,2125
Fernando Agustin,Pineda,26796014,1990-05-18,4785
Gonzalo David,Rotman,20436081,1983-01-27,791
Lucas Ivan,Díaz,38979519,1983-07-10,1119
Joaquín Emanuel,Varela,33425358,1993-12-03,3575
Francisco Gabriel,Huergo,29971406,2000-12-28,51
Tiago Nahuel,Pereira,32044334,1993-12-21,1012
Ezequiel Agustin,Arredondo,26868246,1980-11-06,6929
Cristian Daniel,Soto,35136162,1981-03-21,344
Valentina Nahir,Rosso,26680439,2004-02-02,1084
Rocio Ailen,Muñoz,29171027,1998-04-06,901
Valentina Sofia,Salvador,29949133,1989-11-09,146
Tomas Leonel,Fava,36877192,1995-05-22,571
Agustina Ailen,Gómez,23088654,2002-02-13,8813
Lucia Valentina,D'Elia,22222703,1998-10-08,5556
Victoria Belen,Hoffmann,29740125,1999-10-15,5451
Iara Belen,Álvarez,32927032,1995-02-22,307
Kiara Belen,Mariani,31693510,1983-12-31,144
Antonio,Espinoza,20094973,1989-06-05,9159
Lautaro Joel,Vasile,24939985,2003-05-27,3462
Jonathan David,Martínez,36339753,1984-07-11,7683
Luciano Nahuel,Moreno,21799349,1983-04-08,3278
Renzo,Zambrano,37820703,1993-08-16,4362
Camila Antonella,Abadía,22045227,1982-06-12,4839
Leonardo Ezequiel,Rotman,24224566,1986-03-03,9530
Cristian Ariel,Quispe,37357635,2004-02-28,9022
Brisa Abril,Carranza,38542034,1995-08-02,8544
Lourdes Milagros,Gutiérrez,38618466,1989-03-07,4118
Jimena,Hidalgo,36327127,2002-07-19,3825
Lautaro Ismael,Pinedo,23101806,1992-10-22,2992
Micaela Abigail,Totora,22746634,2001-02-02,3452
Alexis Daniel,Santos,27916604,1989-12-22,6413
Luna Morena,Giordano,20614240,1994-09-19,979
Mauro Ezequiel,Marini,28881375,1984-07-25,3909
Lourdes Abigail,Vera,26314142,1987-12-12,9098
Agustin Ariel,Moreno,27745924,1986-03-24,7415
Joaquin Tomas,Ramírez,31145457,1993-11-25,579
Franco Ariel,Ibáñez,20141113,1983-02-27,5429
Ariana Abigail,Rómulo,36336759,1987-02-28,5352
Pablo Gabriel,Mamani,38160977,1996-03-10,6664
Lautaro Ivan,Ibáñez,37953173,2002-01-08,1961
Thiago Alejandro,D'Elia,22550109,1982-11-26,262
Facundo Javier,Godoy,25176110,1985-01-01,9216
Santiago Matias,Mamani,30983196,1986-01-14,3031
Axel Joel,Rivas,35596846,1991-01-02,8283
Franco Valentin,Vera,20595471,1984-02-15,1534
Jose Gabriel,Pérez,23550684,1998-04-28,3028
Valentin Ezequiel,Díaz,29751091,1990-03-08,3577
Facundo Alejandro,Goicochea,31045202,1995-01-31,3684
Luciana Abigail,Rotman,24437224,1993-03-17,2892
Mariano Agustin,Schapira,29286262,2003-04-28,4983
Brisa Ailen,Scanone,37827174,1988-01-10,1602
Milagros Lucia,Goicochea,36515615,2003-07-09,963
Ivan Alejandro,Vargas,30836170,1984-05-06,5142
Nicolas Ariel,García,23430086,1987-08-09,2396
Lucas Ignacio,Schapira,21774190,1990-04-11,1029
Alejo Agustin,Lorca,31235214,1989-04-30,7260
Sol Valentina,Marchi,34163775,1994-03-05,2458
Priscila Abril,Vera,25353333,2001-03-14,3783
Luka,Hoffmann,21827821,1984-05-21,706
Mauro,Lorca,36715898,1990-06-19,4689
Facundo David,Nari,24691016,2000-12-05,5641
Agustin Sebastian,Andrade,27442677,1990-06-03,955
Jonathan Gabriel,Benítez,30630353,1984-12-05,9659
Kevin Leonel,Rebollo,32389126,1998-10-05,1462
Camila Valentina,Sberna,30251593,1998-08-07,7250
Agustin Nahuel,Sánchez,21235528,2000-06-29,3280
Tobias Valentín,Rivera,39824617,1982-04-12,3732
Brisa Antonella,Sberna,39537239,2000-07-13,3032
Gregorio,Mancuso,25134198,1986-03-04,1952
Donato,Gonzales,35863023,1992-02-22,941
Axel Ariel,Abadía,33931967,1991-06-16,3315
Martina Guadalupe,Marini,30413197,1994-12-18,885
Melany,Contreras,38305380,1996-01-24,1899
Maria Alejandra,Benítez,20618587,2002-01-28,1432
Pablo Sebastián,Valenzuela,38980714,1997-04-12,3601
Gabriela,Benítez,26536787,1990-05-01,4687
Agustin Tomas,Hernández,26842921,1986-08-05,4130
Abril Micaela,Huarte,26545391,1996-03-04,8637
Valentin Nicolas,Pereyra,22586181,1980-05-30,6927
Camila Victoria,Demichelis,38832448,1996-12-31,4073
Diego Ezequiel,De León,33029500,1994-11-16,528
Enzo Nicolás,Marchi,25915829,1984-08-16,4124
Elias Benjamin,Rotman,33600952,2000-01-08,3191
Maximo Nicolas,Sala,22564817,1990-06-17,5337
Camila Guadalupe,Martínez,35065653,2002-12-11,5733
Berenice,Mariani,25163102,1986-12-24,5852
Luciano Martin,Mancuso,25484773,1991-03-11,7442
Valentina Pilar,García,31588477,1993-10-08,6266
Brisa Agustina,Hidalgo,36399043,2000-09-01,6332
Franco Martin,Castillo,29409410,2004-04-25,1464
Kevin Uriel,Casas,34216672,1989-02-12,6981
Lucas Tomás,Lorenzo,20642317,2000-01-10,4005
Dylan Nahuel,Carranza,33693143,1991-09-30,8017
Marcos David,Martínez,30806357,1989-04-14,5631
Brisa Belen,Rojas,29879872,1984-09-13,2926
Federico Gabriel,López,30088460,1995-03-17,9911
Mirko,Duarte,39708034,2002-08-01,1865
Tiago Ezequiel,Leiva,30562453,2000-10-08,3927
Natalia,Moreno,27870803,1989-04-06,1184
Matías Javier,Moreno,24675609,2000-06-20,7153
Ariel Alejandro,Salazar,39453092,1980-12-13,4537
Solana,Mejía,29702282,2000-03-20,8720
Milagros Celeste,Vera,31233398,1983-07-23,4977
Luz,Delgado,25641388,2003-08-14,5489
Mia Abril,Pineda,35078630,1982-12-08,6071
Facundo Manuel,Mora,38615308,1981-01-17,6705
Guido,Fazzi,27054127,1993-07-06,7476
Adrian,Rivera,30735344,1985-03-01,5969
Luciano Andres,Marino,26657010,1982-08-08,5765
Milagros De Los Angeles,Jiménez,33505154,1993-11-19,5175
Candela Lucia,Nari,21658586,1989-06-30,6488
Nahuel Nicolas,Vera,31856727,2001-11-21,7722
Kevin Gabriel,Valenzuela,20497096,1987-02-08,8376
Gonzalo Benjamín,Quispe,22788984,1998-07-30,280
Cristian David,Hoffmann,23898723,1989-10-30,6066
Agustin Ignacio,Sánchez,35370021,1997-06-08,2086
Lucas Damian,Hoffmann,23516571,1993-02-09,4954
Carlos Alberto,Martínez,32470741,1985-07-29,2752
Juan Daniel,Maradona,28483126,1987-04-18,4951
Elena,Zurich,26226672,2004-03-18,9286
Kiara Agustina,Nessi,28839265,1980-07-09,2076
Matilda,Castro,39002602,2000-06-29,8987
Abril Antonella,Ibáñez,35876212,1998-03-21,2449
Lionel Agustin,Rosso,32422946,1984-08-01,2734
Segundo,Muñoz,39763149,2003-03-01,7498
Angela,Amenedo,38667373,1983-08-24,2494
Rocio Abril,López,27738564,2004-07-22,2214
Daiana,Borges,25528142,2001-02-02,2639
Axel Maximiliano,Farías,29881049,2004-05-27,1305
Alan David,Rotundo,37471915,1983-12-14,4159
Florencia Micaela,Ibáñez,33628828,1998-06-26,3857
Diego Nicolas,Salazar,20783127,1992-01-27,5831
Mauricio Nicolas,Surace,31693796,1987-10-16,5164
Priscila Milagros,Flores,30279271,1991-03-14,2810
Maria Catalina,Zambrano,30794334,2002-05-30,4542
Axel Javier,Leal,38722174,1983-09-07,7750
Victoria Valentina,Pineda,27684874,1980-12-25,5074
Martiniano,Rivas,21304467,1983-05-01,1265
Juan Diego,López,22195531,1986-11-24,7018
Diego Armando,Salamone,29235370,1999-07-29,2523
Agustin Maximiliano,Ibáñez,38383691,1980-05-18,9010
Maria Trinidad,Sorbera,36077704,1998-09-02,5787
Margarita,Gutiérrez,23861941,1994-03-15,7367
Evelyn,Portillo,32862776,1990-12-20,1760
Diego Martin,Marchi,35119285,1982-11-23,2552
Alexis Sebastian,Farina,32419516,1984-05-20,5174
Priscila Jazmin,Maradona,22626557,1991-12-29,1133
Julieta Agustina,Sotomayor,32919447,1994-01-09,3060
Brenda Abigail,Díaz,28929952,1995-06-18,7857
German,Marín,22873065,1983-12-21,8758
Axel Rodrigo,Marini,36903038,1982-09-16,572
Kevin Joel,Marín,26627965,1983-12-09,767
Micaela Soledad,Flores,28594527,1987-05-02,3140
Jose Fernando,Rosso,27306568,1985-01-12,5832
Francisco Ezequiel,Nessi,39633300,1992-02-19,5997
Franco Javier,Pinedo,24967288,1999-03-09,8318
Federico Nahuel,Morales,28586855,2001-08-03,5821
Kevin Alejandro,Salvador,25244189,1983-06-24,8251
Nicolas Daniel,Castro,24844259,1997-05-03,6136
Priscila Ailen,Sotomayor,27398478,2001-05-20,5604
Maria Elena,Rivera,22332890,1998-10-25,1972
Cristian Alejandro,Quispe,29670226,1991-12-06,3025
Celeste Milagros,Schapira,33562492,1989-09-29,6151
Priscila Nicole,Vargas,36050213,2004-06-08,534
Maximo Joaquin,Fornerón,21157375,1995-04-24,4438
Micaela Aylen,Scanone,34783590,1991-02-09,3443
Ezequiel Nicolas,Pedone,32204855,1992-05-28,1022
Rocio Jazmin,Mariani,35114317,1986-12-07,4046
Candela Guadalupe,Pereira,32409776,1993-09-26,4987
Franco Lautaro,Flores,36222670,1992-02-19,5358
Maria Mercedes,Muñoz,21013487,2000-02-10,9229
Axel Sebastian,Scanone,25934690,1994-05-08,6602
Kevin Ariel,Basile,23217903,1990-09-24,4003
Candela Ailen,Nave,29226512,1982-09-23,5893
Brandon Ezequiel,Hoffmann,20060939,2004-03-18,810
Juan Ramon,Rivera,36847015,1987-01-12,3797
Angeles,Marino,31677196,2002-02-18,4760
Axel Benjamin,Salamone,38752772,2004-04-01,9313
Faustina,Castro,24344577,1987-09-17,111
Axel Emanuel,Arellano,33061049,1990-12-14,3200
Alina,Farías,33252026,1996-06-08,1591
Paula Valentina,Benítez,37756373,1990-11-02,2219
Thiago Daniel,Raimundo,20866564,1987-07-22,3649
Sabrina,Farina,25038762,1989-04-15,6043
Nicolas Nahuel,Arredondo,35826873,2001-02-28,8292
Pablo Daniel,Benítez,20993938,1985-07-05,4366
Nicolas Andres,Goicochea,32703724,1983-06-22,2307
Maria Antonella,Agüero,39528770,1982-02-02,2660
Martina Pilar,Vargas,28055138,1990-05-05,3736
Bautista Ezequiel,Espinoza,37870822,2002-09-27,1235
Lara Agustina,Martínez,30864912,1988-10-13,5102
Joaquin Ariel,Benítez,36419841,1996-09-15,9394
Tomas Uriel,D'Elia,38762129,1989-11-17,8367
Lautaro Maximiliano,Flores,24906282,1992-01-25,8343
Santiago Román,Rivera,33505548,1999-07-01,8838
Valentina,Ramírez,34521809,1998-06-09,9834
Santiago,Morales,20062313,1998-11-03,8878
Martina,Salamone,25335464,2003-01-18,7079
Joaquin,Carranza,29302525,1990-11-10,7198
Juan Ignacio,Moreno,34777122,1991-01-16,9516
Sofia,Sojero,20968560,1998-01-27,8384
Tomas,Rosso,34398481,1994-03-25,7782
Bautista,Fernández,39056933,1983-02-26,2996
Mateo,Rosso,35194479,1996-08-05,8395
Catalina,Agüero,22247238,1993-03-29,5826
Benjamin,Casares,29233600,1981-08-23,3202
Agustin,Casares,39200990,1980-12-26,7095
Santino,Pereira,26762110,1990-02-23,1215
Juan Cruz,Marino,28286955,1986-11-03,4537
Camila,Nari,30651112,1997-08-23,3362
Francisco,Agüero,38022497,1990-02-16,3750
Ignacio,Moreno,27996269,1991-07-11,2331
Lautaro,Marchi,21080519,1982-10-30,2188
Juan Pablo,Sala,33727817,1982-06-28,3411
Valentino,Huarte,26366222,1992-04-11,347
Lucia,Sberna,22870582,1992-02-28,2680
Delfina,Casas,37321517,1997-12-03,7957
Agustina,Arellano,37309122,1993-07-30,5945
Abril,Scanone,27912867,1982-11-22,3013
Victoria,García,22308115,1995-12-27,807
Guadalupe,Pereyra,35787977,1980-07-28,5903
Nicolas,Nari,39332570,1995-10-26,1351
Valentín,Soto,33239792,1990-04-13,9989
Julieta,Scanone,27953669,1982-05-19,3888
Morena,Duarte,20022799,2003-02-21,3463
Candela,Vera,25027696,1985-04-28,1426
Milagros,Contreras,20144117,1999-07-26,7229
Facundo,Casares,21869909,1988-02-22,3216
Matias,Surace,32658204,2004-04-10,9856
Maria Victoria,Rebollo,23131162,1986-12-06,5610
Josefina,Pavón,32942629,1986-05-18,2703
Franco,Hoffmann,21446583,1991-05-25,9422
Juan Manuel,Espinoza,36614095,1990-09-26,294
Felipe,Ibáñez,23377854,2004-05-26,3564
Juana,Nessi,20451488,1985-10-31,5178
Lucas,Santos,24986454,1993-12-30,7870
Maximo,Sotomayor,22761630,1987-07-03,9045
Pilar,Huarte,35729119,2004-05-08,593
Juan Bautista,Pavón,21658733,1980-07-16,858
Lautaro Ezequiel,Benítez,36062783,1994-04-09,6009
Thiago,Jiménez,35427868,2002-12-23,8191
Malena,Salazar,36436224,1989-07-10,9161
Lola,Salem,39795778,1995-04-01,5726
Mia,De Luca,31090871,2004-03-31,2220
Santiago Nicolas,Marchi,24034117,1986-09-16,7998
Matias Ezequiel,De Luca,33212137,1984-02-17,1119
Martin,Leiva,37739128,1986-08-26,8375
Ana Paula,Vasile,34504791,1983-08-01,5223
Tomas Agustin,Giordano,29106945,1990-07-07,9292
Manuel,Rivas,20740285,1983-06-27,5104
Agostina,Villalba,26343506,1999-08-30,9914
Ramiro,Giordano,34681482,1991-07-16,5206
Constanza,Mancuso,29073845,2003-03-26,9386
Maria Belen,Rómulo,27508438,1993-08-21,1467
Luca,Hoffmann,39240198,1988-07-01,7879
Bruno,Reyes,32669262,1989-07-18,5537
Micaela,Mejía,37963761,1992-06-08,6808
Lara,Lorenzo,21188817,2003-04-24,1171
Federico,Borges,21216112,1993-10-26,4293
Lautaro Agustin,Lorenzo,26922843,2000-03-02,1031
Julian,Demichelis,21412232,1982-07-26,5291
Lautaro Nicolas,Casas,32906856,2003-09-10,312
Bianca,Díaz,32425641,1985-01-01,2952
Tobías,Arellano,34567620,1999-03-05,5365
Renata,Pérez,31653042,1983-01-28,3699
Pedro,Huarte,37579943,2001-04-28,5129
Gonzalo,Sotomayor,39037051,1991-03-16,4300
Sofía Belén,Mora,29677166,1990-03-27,4135
Lautaro Benjamin,Agüero,29619522,1986-05-15,5017
Florencia,Flores,34699084,1995-08-30,7988
Juan Gabriel,Salvador,23683505,1992-02-12,6815
Rocio Belen,Carrizo,28770108,1989-08-18,196
Lautaro Nahuel,García,24259594,2003-06-26,4825
Miguel Angel,Scioti,24409308,2002-12-09,2660
Santiago Agustin,Vargas,27814241,1999-02-21,4764
Sebastian,Arredondo,37615055,1984-12-27,796
Emilia,Ramírez,21062233,1990-04-01,1897
Jazmin,Nari,39191187,1998-11-21,7068
Clara,Totora,30863108,1984-12-27,7055
Camila Belen,Lorca,35031190,1983-08-19,3561
Jeremias,Scioti,37273019,1999-04-25,4559
Mora,Jiménez,32895227,1983-09-22,5840
Luciano,Contreras,26790695,1984-05-01,9265
Alejo,Castro,31765542,1990-12-15,8096
Julia,Sala,22369173,1985-11-29,9437
Maria Valentina,Varela,22191693,1990-12-01,4608
Rocio,Vargas,33606573,1987-03-30,9970
Antonella,Surace,26076683,1985-04-01,4192
Simon,Basile,23788887,1984-08-08,2824
Maria Sol,Gonzales,31771154,1980-03-18,5286
Lucas Ezequiel,De Luca,29964854,1988-11-15,2339
Maria De Los Angeles,Marchi,37374536,1987-01-17,5762
Guillermina,Basile,39311469,2003-03-21,1549
Valentina Abril,Pineda,33425836,1994-01-09,6504
Matias Nicolas,Pinedo,38262630,1999-06-18,5846
Paloma,Abadía,27324513,2003-03-21,8557
Maria Emilia,Santos,24597517,2004-01-11,9289
Juan Martin,Rebollo,24214507,1997-09-08,3150
Ezequiel,Rotundo,35560903,1996-09-18,6485
Facundo Nicolas,Borges,32907147,1980-08-05,7360
Paulina,Rotman,38101092,2003-09-22,2458
Maria Jose,Salvador,36837202,1985-01-15,7882
Juan David,Duarte,34748611,1990-08-10,3979
Lautaro Gabriel,Leal,25425643,1984-06-21,618
Juan Jose,Valenzuela,21758241,2003-07-18,4056
Tiziano,Demichelis,33074469,1986-07-31,1294
Lorenzo,Morales,38179793,1984-08-31,1155
Santiago Ezequiel,González,22458186,1997-11-01,631
Maria Luz,García,31931650,1984-06-07,8509
Lourdes,Benítez,32935599,2000-09-25,8308
Agustin Ezequiel,Pérez,30315203,2001-09-02,7727
Angelina,Quispe,34623562,1998-02-12,9338
Ludmila,Mancuso,31321980,2001-08-21,7934
Maria Paz,Sojero,24377174,1998-12-09,5361
Priscila,López,33687748,1993-02-14,8526
Milagros Belén,Scioti,21700970,1981-07-27,2792
Marcos,Gonzales,39098878,1994-11-29,9225
Nahuel,Castro,36967260,1996-11-08,8145
Milena,Salvador,20974624,1981-07-15,6515
Luciana,Salem,30576186,2000-04-14,216
Agustina Belen,Vasile,24193949,1999-12-03,6324
Tomas Ezequiel,Fazzi,38248748,1983-10-06,9054
Nicolas Agustin,Huarte,39966467,1990-04-23,9211
Giuliana,Silva,24129446,1981-02-14,7381
Santiago Gabriel,Leal,28091920,2002-11-07,2709
Juliana,Gutiérrez,39402118,1992-10-03,9721
Ivan,García,23682480,1986-07-18,9644
Maximiliano,Saldaña,30473219,1985-08-30,6113
Maria Guadalupe,Marchi,39653010,1989-06-26,845
Isabella,Mariani,30299554,1986-09-20,6034
Santiago Tomas,Pinedo,20250816,1988-03-22,5782
Angel Gabriel,Gutiérrez,27403632,2000-05-21,7172
Jose Luis,Muñoz,22390815,1990-08-27,3891
Santiago Nahuel,Basile,39746683,1992-01-15,8956
Gabriel Alejandro,Jiménez,20286912,1986-06-14,4974
Tiago,Rotundo,27156537,1994-02-27,1445
Joaquín Ignacio,Mejía,33072008,1982-07-02,7239
Carolina,Rivas,25288972,1990-11-29,5850
Candelaria,Arellano,31225824,1982-12-08,3198
Octavio,Giordano,26607617,1990-11-18,2643
Jose Ignacio,Marino,24940097,1999-05-01,2206
Sol,Sánchez,26864940,1994-04-09,7245
Juan,González,34085908,1983-08-27,738
Lucia Belen,Hoffmann,35102634,1989-02-17,5964
Dante,Sala,20119046,1982-06-29,9295
Franco Ezequiel,Mora,34379736,1993-02-02,5524
Lucas Gabriel,Giordano,35044604,1997-04-03,2841
Lautaro Joaquin,León,22614868,1989-03-21,9318
Juan Francisco,Giménez,26842476,1998-01-28,8034
Geronimo,Fazzi,24534911,1992-01-01,7836
Emiliano,Rebollo,24488182,1988-04-27,137
Emma,Giordano,30003916,2001-06-06,9436
Gabriel,Silva,25656197,1986-09-11,3833
Maria Agustina,Vargas,37309459,1984-04-06,9985
Agustin Nicolas,Gómez,27771258,1994-06-06,973
Olivia,Contreras,21571929,1991-10-22,7276
Rodrigo Alejandro,Quispe,23865862,1991-09-28,2679
Nicolas Ezequiel,García,31918668,2001-08-11,8348
Maria Eugenia,Reyes,26882083,1987-04-23,3413
Joaquin Ezequiel,Marín,27761590,1981-02-27,6558
Lautaro Daniel,Agüero,25785615,1992-10-24,7633
Juan Carlos,Loreto,28861863,1981-05-28,2020
Maia,Soto,20778438,1995-03-18,5157
Milagros Valentina,León,36660986,1985-07-27,4293
Milagros Abril,Godoy,23320709,2000-09-23,2266
Franco Agustin,Santos,34439842,1991-09-24,2773
Brisa,Quispe,33348715,1992-05-07,5405
Leonel,Sojero,37776745,1998-05-09,2156
Zoe,Farina,26270055,1987-08-06,2956
Augusto,Martínez,36170301,1996-09-17,8687
Lisandro,Goicochea,26928331,1984-06-22,5048
Abigail,Marini,22206072,1997-05-30,3838
Lucio,Marino,25123505,1996-07-13,9083
Alma,Martínez,23681149,1983-06-09,7002
Amparo,Carrizo,27918553,1983-01-14,7668
Facundo Ezequiel,Basile,26024171,1986-07-01,7503
Salvador,Rojas,35898997,1992-10-30,8363
Rodrigo,Gonzales,35086826,1994-11-07,9046
Thiago Agustin,Salazar,31978878,1982-10-25,5096
Matias Nahuel,Ramírez,25089742,1995-10-23,2781
Franco Nicolas,Arredondo,32061413,2003-05-03,8518
Gonzalo Ezequiel,Varela,31487257,1994-09-01,8311
Ignacio Agustin,Lorca,39530906,1995-12-24,5059
Lautaro Leonel,Rotman,36416507,1982-01-31,9699
Magali,Huarte,25533050,1990-06-03,3387
Matias Agustin,Rotundo,37083093,1996-01-16,4629
Santiago Benjamín,Rebollo,23747670,1993-08-11,2532
Milagros Ayelen,Lorca,37775451,2000-06-15,105
Milagros Abigail,Salamone,35888378,1996-07-29,5578
Tiziana,Hernández,36021565,2001-01-02,1950
Maitena,Basile,35387257,1990-12-15,6970
Santiago Ariel,Totora,23534357,2002-01-27,6226
Tatiana,Mora,35845473,1989-10-07,8401
Valentina Abigail,Rotundo,28087644,2000-10-04,2931
Maria Milagros,Leiva,34348509,1986-07-07,7201
Tomas Benjamin,Galán,29090410,1988-05-14,7363
Santiago Martin,Rómulo,39791013,1998-02-19,8736
Rodrigo Ezequiel,Morales,32479697,1990-12-10,7247
Melina,Valenzuela,37489057,1988-11-02,5959
Paula,Scioti,32305379,1988-11-23,3381
Violeta,Delgado,29356075,1993-05-14,885
Franco Nahuel,Nave,30161386,1999-06-20,1395
Luisina,De Luca,23252758,1996-10-14,1758
Maria Pia,Sorbera,34600121,1981-08-22,1594
Ana,Galán,25350972,1999-01-20,8818
Lucas Agustin,Nave,22254089,1997-08-28,6349
Maria Lujan,Martínez,21381946,2002-07-06,2249
Milagros Agustina,Mariani,37048467,1998-04-02,7264
Mateo Nicolas,Valenzuela,24580228,1988-12-03,6507
Matias Gabriel,Maradona,21058015,1993-09-28,2981
Jeronimo,Nari,38811748,1989-02-05,7782
Facundo Nahuel,Arredondo,37101012,1992-06-03,7355
Facundo Gabriel,Castro,22924883,1982-05-21,8551
María Florencia,Leiva,22952211,1987-01-12,9725
Mariano,Giordano,33311281,2004-02-12,596
Luna,Ramírez,27385948,2000-09-13,9619
Trinidad,Zambrano,30675867,1986-03-28,3177
Milagros Aylen,Sánchez,27607045,2001-05-04,9673
Matias Alejandro,Mora,28698198,1994-09-25,7372
Santiago Daniel,Loreto,33501350,1985-03-23,8000
Ludmila Abigail,Totora,39862294,1995-08-02,6385
Kiara,Rebollo,23310287,1994-12-06,4763
Alejandro,Godoy,21822337,2001-12-23,5714
Thiago Nicolas,Abadía,39916944,1987-01-06,2843
Emanuel,Rebollo,38383375,1988-01-24,9795
Santiago Leonel,Sberna,23383800,2004-02-07,4477
Axel Gabriel,Lorca,29278191,1992-06-23,2955
Benicio,Zambrano,38116671,2003-04-29,451
Francesca,Lorca,27221587,1980-02-13,9116
Sofía Valentina,Leiva,30379093,1996-04-12,992
Juan Sebastian,Fernández,25455962,1988-02-07,1063
Ignacio Nicolas,Fornerón,28241651,1987-05-06,9012
Lautaro Tomas,Rotundo,34441357,1983-02-28,3765
Lucas Nahuel,Amenedo,21978449,1990-08-30,7301
Lucila,Contreras,34610844,1997-10-21,5226
Maria Celeste,Zurich,38822027,1989-07-16,7235
Valentina Belén,Castro,32553623,1986-10-18,5493
Priscila Abigail,Pinedo,24388026,1993-05-16,1665
Lautaro Valentin,Hidalgo,26410808,1999-09-19,6362
Ciro,Schapira,33394266,1986-09-06,881
Lautaro Emanuel,Flores,35351206,1981-02-18,7672
Thiago Benjamin,Espinoza,36117783,1996-01-26,4558
Luis Fernando,Andrade,27915822,1992-12-06,6707
Maria,Nessi,21582586,1982-12-08,7623
Alvaro,Nave,32734425,1992-06-07,5427
Candela Abigail,Scanone,33597338,2002-12-21,8314
Joaquin Alejandro,González,33639088,1993-02-18,1573
Genaro,Mancuso,28042578,1993-07-29,2690
Magdalena,Rebollo,30448195,1998-08-19,6574
Agustin Alejandro,De Luca,29705647,1992-02-07,8864
Santiago Valentin,Scanone,34137764,2000-11-28,6999
Santiago Emanuel,Moreno,27712991,2003-03-26,7827
Santiago Joaquin,Zambrano,23865283,1996-08-11,8282
Martin Alejandro,Mamani,20996205,2001-01-26,2440
Thiago Nahuel,Portillo,31812839,1983-03-26,5234
Mateo Benjamin,Martínez,32626229,1986-05-24,2391
Franco Gabriel,Pereira,25655687,1980-08-25,5733
Facundo Agustin,López,39704637,2001-08-19,2248
Lautaro Sebastian,Fornerón,27739165,1996-07-17,3170
Milagros Soledad,Demichelis,36879573,1994-11-11,3685
Ana Laura,Raimundo,28657919,2001-10-12,3540
Lautaro Martin,Morales,36421061,1994-03-07,7438
Celeste Abigail,Fava,24900296,1989-04-02,2551
Nicole,Andrade,32768351,1987-10-05,1694
Abril Agustina,Rotundo,26287477,1991-10-26,1686
Nicolas Alejandro,Contreras,39499584,1993-12-09,6966
Lucas Daniel,Farina,30289406,1980-01-26,861
Micaela Belen,González,20247562,1999-01-28,7431
Chiara,Castro,35537620,1982-08-10,2485
Victoria Abril,Rebollo,35444749,1998-02-09,6136
Manuela,Abadía,20261984,1988-11-01,9178
Ulises,Rotundo,21507837,1984-12-01,5269
Franco David,Castillo,30756479,1986-09-05,4589
Santiago David,Pinedo,21360163,1987-03-05,6521
Tomás Valentin,Gonzales,26957930,1983-10-27,232
Gonzalo Nicolás,Andrade,37039855,1993-03-14,6349
Uriel,García,20759869,1990-04-14,7980
Joaquin Nicolas,Fernández,33585365,1999-05-05,7296
Thiago Valentin,Salazar,33570259,2001-05-05,4942
Román,Sotomayor,35918706,1985-04-25,4965
Luciano Gabriel,Sánchez,31379913,2001-03-27,9522
Camila Aylen,Hidalgo,27599407,1999-09-24,6340
Mia Valentina,Giménez,35646540,1991-05-31,5130
Thiago Ezequiel,Farina,36370098,1982-12-07,4745
Fiorella,Carranza,39011332,1986-10-18,2853
Celeste,Pereyra,20795883,1995-12-25,1643
Avril,Casas,36432246,2001-02-17,8017
Luciano Nicolas,Rómulo,20878281,1989-01-16,2944
Valentina Aylen,López,38364467,1989-01-23,7303
Martina Belen,Castro,34901656,1989-07-24,2512
Tomás Alejandro,Loreto,34542099,1980-09-23,7515
Martin Ezequiel,Pereira,37370913,1985-04-27,1728
Luciano Agustin,Morales,21054548,1993-07-28,8816
David,Maradona,22913572,1981-10-16,2021
Mateo Agustin,Marchi,20681821,1985-04-12,8784
Candela Belen,Pineda,20645244,1995-09-14,5219
Franco Leonel,Loreto,32874325,1986-05-24,5183
Kevin,Sala,33076043,1996-06-11,8098
Ludmila Ayelen,Silva,33332108,1994-08-25,9158
Abril Valentina,Totora,30089272,1983-11-25,5587
Felicitas,Sánchez,23356550,1981-08-24,9525
Camila Ayelen,Ramírez,37039558,1992-08-16,5239
Marcos Gabriel,Quispe,22231364,1986-05-17,9213
Nahuel Agustin,Mariani,35449342,2000-08-10,9704
Julieta Valentina,Hoffmann,27276260,1999-01-28,7579
Candela Agustina,Gonzales,26264719,2000-09-26,5296
Kevin Ezequiel,Zurich,27403077,1988-08-31,7936
Luciano Ezequiel,Rodríguez,25343975,1985-04-02,6457
Andres,Gutiérrez,29699155,1985-04-21,8786
Leonel Agustin,Morales,23669686,2001-11-16,3573
Ian,Rotman,36915472,1986-01-07,2721
Braian Ezequiel,Rotundo,38894904,1989-11-01,3948
Valentina Milagros,Mamani,28181280,1984-12-01,8790
Rocio Milagros,Pinedo,38958436,1984-09-01,3279
Axel Uriel,Carranza,29289150,1981-11-11,9740
Milagros Ailén,Díaz,23566140,1994-08-04,4019
Fausto,Rodríguez,28445252,1980-05-26,845
Tadeo,Lorca,36176666,1991-07-20,5258
Daniel Alejandro,Hidalgo,25819895,1981-06-23,1008
Axel Nahuel,Sala,22818734,1998-01-31,5378
Camila Agustina,Galán,35007697,2000-07-02,6877
Luz Milagros,Fernández,22198438,1994-08-07,486
Luana,Zambrano,32607086,1996-12-29,5640
Matias Leonel,Mora,26359161,1994-02-03,5890
Ornella,Agüero,28894230,1984-05-29,5923
Enzo,Loreto,25924551,2002-07-10,9834
Brian Ezequiel,Arellano,37425753,2003-06-10,9753
Ludmila Belen,Lorenzo,32559987,2000-02-08,6698
Belen,Rivas,21171460,1985-11-26,3426
Gaspar,Pérez,20344743,1997-11-14,4728
Lionel,Borges,26785517,1988-05-14,3679
Uma,Mancuso,20893985,1994-10-25,5137
Nicolas Gabriel,Marchi,36099024,1982-04-16,6511
Oriana,Farías,36553291,1999-11-23,6300
Ignacio Gabriel,Maradona,36811542,1993-07-20,2877
Justina,Pavón,21068291,1999-04-12,137
Sofia Magali,Hernández,30984216,1987-07-28,6368
Lucas Martin,Casares,30885239,1982-08-09,5737
Alexander,Zambrano,22022216,1985-09-20,9899
Ignacio Joaquin,Mariani,32121535,1986-12-24,3640
Leandro,Flores,33477586,1998-07-20,3832
Sofia Micaela,Quispe,33189085,1991-09-13,1079
Luz Maria,Álvarez,20272548,1997-11-24,5247
Matias Benjamin,Muñoz,21900946,1997-05-14,6302
Rosario,Nessi,21414919,1998-08-22,3338
Axel Leonel,Maradona,24289275,1987-12-05,4811
Candela Abril,Sojero,23001320,1997-08-21,1568
Gonzalo Agustin,Jiménez,28824099,1995-09-17,7110
Rodrigo Nicolás,Abadía,38442071,1993-03-24,64
Thomas,Mancuso,26136317,1980-04-26,5751
Ana Clara,Farina,38846404,1998-04-22,1527
Fabricio,Salvador,20100041,1992-04-22,6682
Brisa Abigail,Rómulo,25048288,1985-12-02,2510
Axel,Nari,20442004,2004-01-16,1825
Maria Del Pilar,Rivera,32449295,1981-09-19,8742
Gianluca,Álvarez,31058428,2002-01-13,2939
Fermín,Valenzuela,32502787,1983-12-02,5576
Iara,Nessi,24252997,2001-08-08,2363
Tomas Gabriel,Mejía,20788979,1980-11-04,6153
Julieta Belen,Rosso,39734074,1999-08-22,7159
Lautaro David,Ramírez,37255627,1993-02-05,5333
Axel Fernando,Gonzales,39666840,1981-07-12,8883
Sofia Victoria,Nari,29281186,1983-09-21,8567
Ambar,Totora,39364522,1992-12-28,4541
Pablo Ezequiel,Zurich,34252773,1986-11-14,3417
Juan Andres,González,21117749,2000-06-09,3177
Ana Belen,Pereira,35647834,1999-12-13,2594
Sofia Aylen,Rómulo,22102549,1989-01-18,2699
Alan Gabriel,Ibáñez,25906353,1999-11-26,8812
Lucas Leonel,Espinoza,20653196,1994-05-16,2629
Maximiliano Ezequiel,Díaz,36353953,2001-10-02,2403
Camila Abigail,Mamani,32009418,2000-04-23,1963
Candela Valentina,Mamani,22168728,2003-07-19,7242
Nahuel Alejandro,Farías,25286912,1989-04-29,9583
Gabriel Agustín,Rivas,25003836,1988-08-12,8554
Benjamín Ezequiel,Leal,29080562,1983-03-22,2128
Matias Daniel,Rotman,33733173,1980-02-09,7066
Lucas Ariel,Zambrano,33063513,1987-04-23,2192
Tomas Ignacio,De León,37047493,1998-11-09,5469
Alan Ezequiel,Sosa,30181571,1989-01-06,9940
Sara,Marchi,30545016,2002-07-04,5198
Camilo,Nessi,39086953,1994-02-01,9743
Agustina Micaela,Gonzales,21550955,1981-03-14,2246
Facundo Daniel,Giordano,26729767,1989-05-14,339
Lourdes Valentina,Espinoza,34539505,1986-03-28,5875
Gaston,Mora,29613700,1982-08-19,2853
Francisco Javier,Rotman,36841893,1994-04-07,3707
Candela Milagros,Lorca,32004480,2002-06-20,3850
Sofia Milagros,Andrade,23659336,2003-11-01,8142
Maria Candela,Hernández,26736322,1987-11-11,9706
Lucas Emanuel,Gómez,38675505,1990-02-19,8007
Fernando Jose,Contreras,22888571,1995-06-26,561
Daniel,Pavón,38061156,1990-03-10,1470
Nazareno,Marini,25674442,1996-09-12,2188
Florencia Belen,Varela,35585257,1991-01-30,8730
Mateo Ezequiel,Pavón,32991874,1988-05-30,7682
Luciana Belen,Carranza,27530104,2000-05-04,9253
Benjamin Alejandro,Basile,26881039,1995-05-10,2339
Matias Ariel,Salem,23963219,2003-12-07,3424
Brisa Aylen,Fava,35908250,1994-09-22,5906
Santiago Alejandro,Rosso,28243558,1987-05-05,2258
Virginia,Flores,20152846,1991-03-30,4588
Facundo Ariel,Mamani,20335889,1989-11-14,5710
Martina Abril,Díaz,24132095,2002-03-27,1062
Tobias Ezequiel,Hidalgo,28887561,1983-02-04,6285
Macarena,Andrade,30099803,1992-08-06,7785
Ariana,Basile,37690071,1983-04-17,488
Thiago Gabriel,Galán,32827367,1982-07-13,8667
Lautaro Alejandro,Galán,23070863,1980-12-02,7565
Lautaro Uriel,Andrade,27981878,2002-04-02,3227
Ines,Raimundo,24171245,1996-08-15,3946
Ariel,Quispe,37020144,1993-09-22,3377
Maria Josefina,Mancuso,20805937,1982-07-20,82
Patricio,Huarte,20481316,2002-12-04,4981
Gonzalo Gabriel,Agüero,35132092,1996-11-18,690
Lucas Nicolas,Saldaña,24281928,1999-07-11,4374
Maria Fernanda,Flores,26325188,1990-07-11,8502
Rafael,Abadía,34696302,1996-12-29,3103
Rodrigo Nahuel,Goicochea,20595761,2003-05-24,1177
Luisana,Fava,20252884,1981-09-02,1734
Leonel Alejandro,Fazzi,23120019,1983-02-21,1804
Rocio Abigail,Amenedo,38051136,1994-12-20,6558
Gino,Basile,32235927,2004-02-22,5437
Joaquina,Gutiérrez,21086345,1982-07-03,1717
Marco,Carrizo,25934760,1981-11-01,7297
Lautaro Javier,Pineda,25082465,1992-12-15,9449
Celina,Reyes,33122309,1989-03-15,8564
Ludmila Aylen,Gutiérrez,35519724,1994-04-12,7911
Alexis Ezequiel,Goicochea,30086778,2000-03-14,4597
Thiago Joaquin,Surace,26033359,1980-02-02,2338
Alexis Gabriel,Rojas,25145497,2003-02-02,7064
Federico Agustin,Jiménez,20946572,1989-02-22,6086
Lara Valentina,Amenedo,34768463,2000-10-21,5716
Florencia Agustina,Rotman,37300860,1990-08-09,6286
Maria Pilar,López,37939042,1982-11-18,6740
Santiago Andres,Salem,21169693,1986-05-23,7146
Camila Milagros,Mejía,20065580,1991-12-23,6030
Franco Daniel,Gómez,33873836,1997-07-21,8994
Marcos Agustin,Mamani,32263915,1999-08-22,3374
Ana Lucia,Pinedo,29365298,1998-02-12,3205
Thiago Uriel,Fernández,29875209,1994-04-27,1069
Santiago Javier,Leiva,25659337,1982-10-12,2372
Marco Antonio,Farina,23951018,1983-11-16,3899
Ana Luz,Muñoz,30384080,1990-07-14,3931
Rodrigo Sebastian,Villalba,27797146,1987-05-01,341
Maria Paula,Maradona,28978229,1992-05-20,3949
Rocio Micaela,Rotman,21443108,1982-06-24,6448
Camila Abril,Surace,38661739,2000-12-23,7483
Milagros Guadalupe,Hoffmann,22249457,1996-04-21,7221
Valentina Magali,Andrade,35449156,2002-09-02,9302
Kevin Nahuel,Farías,37662197,1982-06-14,1562
Francisco Nicolas,Mejía,28133447,1992-10-19,887
Micaela Ayelen,Scanone,32294216,1983-09-10,2823
Maria Del Rosario,Scanone,28895274,2004-02-08,8638
Martin Nicolas,Vasile,23280674,1995-10-30,124
Federica,Galán,24904697,1991-10-30,726
Facundo Tomas,Duarte,21793220,2004-02-28,7048
Santiago Uriel,Rivera,37264868,1980-10-17,4562
Carlos Daniel,Sala,29891561,1991-09-19,6806
Lucas Sebastian,Demichelis,37380409,2003-08-14,2175
Axel Ezequiel,Flores,36038463,1988-06-07,3861
Mateo Joaquín,Farina,24807469,1988-10-11,6133
Leandro Ezequiel,Hernández,27702054,1994-08-08,6794
Ludmila Milagros,Sotomayor,20378703,2002-09-19,5600
Lautaro Ariel,Lorenzo,28557143,1983-02-01,9584
Diego,Rotman,29125887,1985-12-02,774
Julio Cesar,Mancuso,31102347,1990-01-11,8295
Vicente,Vargas,38892613,1990-08-06,7446
Francisca,Galán,24573061,2000-09-02,2117
Mariana,Pereyra,27124098,1982-01-16,8571
Luis Alberto,Borges,39534748,1991-11-04,5964
Rocio Ayelen,De León,36007163,1996-04-12,9580
Fernando,González,31603869,1981-01-31,984
Ema,Pinedo,33055341,2001-10-12,5723
Alexis Nahuel,Marino,38291744,1996-08-12,1920
Ignacio Ezequiel,Abadía,20232177,1985-06-06,4021
Milagros Lujan,Sala,23332630,1987-05-02,2040
Kevin Agustin,Pinedo,33453325,1984-04-19,7155
Facundo Leonel,Fernández,32231885,2004-04-08,2436
Abril Agostina,Rivas,36313849,1987-03-17,312
Maite,Castro,35826914,1989-05-02,5987
Sebastian Alejandro,Huarte,25841578,2003-12-15,2128
Dylan Ezequiel,Scanone,38118541,1984-09-22,2465
Maria Constanza,Farina,20473665,1989-10-30,4722
Maximiliano Gabriel,Pérez,20210537,1992-02-18,405
Daniela,Moreno,20979071,1982-04-18,7739
Lucas Benjamin,Andrade,21390179,1992-01-20,438
Lautaro Jesús,Delgado,34689629,1982-04-04,7914
Lucas Joaquin,Varela,37826187,1999-10-19,1099
Thiago Leonel,Arredondo,32130581,1983-05-11,9660
Axel Daniel,Pedone,24799436,1995-01-06,7061
Azul,Rotman,36443126,1998-09-29,1504
Sofia Abril,Arellano,26090387,1993-03-26,7697
Milagros Micaela,Marchi,32512640,1991-10-17,8914
Milagros Magalí,Reyes,20708346,1988-08-24,9874
Maria Lucia,Goicochea,30183270,1990-04-14,8213
Marcos Ezequiel,Salazar,26421668,1999-06-30,1587
Lucas David,León,28550843,1980-09-10,2108
Axel Agustín,Varela,26640934,1984-03-24,8825
Gonzalo Nahuel,Surace,25032883,1981-12-11,6448
Thomas Agustin,Carrizo,25468047,1992-12-26,9863
Franco Tomas,Quispe,25503213,1995-01-05,8927
Florencia Abigail,Scanone,29554690,1998-11-20,6719
Maximo Agustin,Jiménez,37173509,1982-03-22,3961
Camila Soledad,Benítez,32520611,2003-07-28,8574
Luciano Benjamin,Surace,26923329,1983-08-28,6223
Bautista Nicolas,Nessi,33957428,1984-12-08,7824
Fabrizio,Giménez,23197816,1981-02-28,5197
Alfonsina,Nave,23268207,1991-12-29,7173
Lautaro Exequiel,Vargas,35687427,2004-05-19,1913
Leonardo,Huergo,30090112,1999-02-07,1101
Mateo Valentin,Mancuso,22045020,1992-08-30,3451
Juan Agustin,Pereira,21568322,1981-11-27,9696
Brisa Ayelen,Ibáñez,24845786,1983-12-23,6050
Laureano,Scanone,22106768,1989-12-25,1709
Lautaro Damian,Salem,34851421,1995-05-27,1575
Leandro Nicolas,Borges,20601760,1982-12-12,5814
Matias Sebastian,Nave,22169761,1997-08-21,1731
Francisco Agustin,Pinedo,38847286,1991-06-13,3209
Carola,Sberna,29161419,1982-03-03,1820
Elias,Arredondo,36836248,1999-06-22,9680
Rocio Guadalupe,Hernández,38131460,1990-05-29,1433
Ignacio Benjamin,Andrade,38977498,1996-01-23,58
Maria Laura,Villalba,25219478,2003-03-30,8394
Facundo Emanuel,Contreras,36460492,2000-02-11,7075
Facundo Martin,Scioti,22101438,1986-05-20,3841
Pablo Agustín,Sosa,27402654,1980-05-29,1498
Agustina Milagros,Rivera,29733705,1994-02-14,5035
Valentina Jazmin,Pineda,25103719,1993-08-05,7988
Sofia Ailen,Rómulo,34602368,1984-02-17,1012
Florencia Magali,Pereira,26550139,1994-01-05,9395
Valentina Guadalupe,Mamani,20703156,1987-12-07,7029
Kevin Nicolas,Pereira,20466115,2001-02-28,9182
Ana Sofia,Ibáñez,32575667,1982-05-10,4886
Aylen,Fernández,26706867,1991-12-17,6423
Thiago Lionel,Nave,35062414,1999-08-28,670
Franco Emanuel,Salazar,32594411,1990-01-25,9752
Eugenia,Arredondo,29965608,1983-08-19,474
Rocio Magali,Martínez,38092998,1991-09-05,4534
Valentina Luján,Zambrano,33899482,2004-05-13,7837
Federico Nicolas,Rojas,24473509,1981-04-27,7174
Morena Abril,Rómulo,28314929,2000-05-23,3586
Candela Magali,Rivas,34855151,1998-09-22,4401
Aldana,Maradona,28656090,1982-11-26,5269
Elias Ezequiel,Rebollo,38537401,2002-08-28,7826
Tobias Benjamin,León,35134891,2003-10-24,7235
Leandro Agustin,Huergo,22916128,2001-08-15,8749
Tomas Nahuel,Rodríguez,27198129,1980-04-02,896
Esteban,Rotman,20399483,1984-06-30,4405
Tobias Agustin,Espinoza,33832654,1983-11-25,8416
Matías Emanuel,Arredondo,25648902,1989-12-10,2847
Lucas Santiago,Flores,38305950,1998-07-05,7175
Sofia Guadalupe,Sala,34385859,1989-03-30,7463
Ernestina,Agüero,20838658,1987-12-03,4844
Iñaki,Silva,38808496,2000-01-21,9587
Julieta Abril,Soto,23870720,1981-09-15,9665
Valentina Ayelen,González,20449214,1980-06-18,2991
Santino Nicolás,Santos,24899704,1984-02-02,5258
Cristian Gabriel,Rojas,39561881,1991-08-06,8355
Tatiana Abigail,Pereira,30631432,1999-02-24,6517
Giuliano,Sberna,30338598,2000-09-06,6779
Jose Manuel,Goicochea,36825733,1984-03-09,9174
Santiago Ivan,Borges,26754850,1995-01-29,9779
Rodrigo Agustín,Ramírez,39302579,1984-03-04,6527
Milagros Agostina,González,28438077,1981-01-17,7821
Ezequiel Alejandro,De León,20266587,1997-11-13,3615
Jeremias Ezequiel,Sala,28580288,2000-05-13,5019
Maria Agostina,Marino,25029343,1981-12-10,280
Nahiara,Marchi,24316015,1989-07-09,1034
Valentina Soledad,Pineda,32144945,1982-09-09,2422
Alan,Marini,38294238,1993-12-28,8086
Candela Agostina,Gutiérrez,39985901,1992-07-27,1897
Abril Milagros,Saldaña,20604373,1992-01-08,5891
Mercedes,Amenedo,30697058,1980-08-09,4246
Axel Nicolás,Casas,35097969,1994-08-13,5067
Santiago Jose,Hidalgo,39625128,1982-04-16,8867
Juan Pedro,Silva,23625524,2003-12-12,4964
Agustin Gabriel,Totora,35573859,1989-09-07,2269
Rocio Aylen,Varela,25874561,1993-02-08,1750
Carmela,Arellano,27959741,1985-03-30,8222
Joaquin Andres,Surace,37352202,1986-03-18,2260
David Ezequiel,Castro,21656114,1980-03-14,7456
Sofia Abigail,Varela,23826238,1997-11-29,622
Joaquin Gabriel,Fernández,25461504,1994-09-18,7303
Ludmila Magali,Basile,29000929,1986-03-08,7694
Francisco Jose,Sánchez,30587445,2001-01-22,9334
Nazarena,Rivas,34712486,1990-02-26,5336
José Antonio,Nari,29519228,1989-11-16,8879
Luis Miguel,Sánchez,26180288,1981-12-03,6083
Ivan Ezequiel,Zambrano,38474800,1995-03-01,2050
Agustina Soledad,Giordano,22461423,1992-10-11,239
Baltazar,Carrizo,36737588,1999-08-19,8810
Jonathan Ezequiel,Martínez,26943348,1993-10-08,3301
Teo,Borges,27512566,2003-04-07,4401
Sebastian Ezequiel,Sala,20601709,1983-01-01,1061
Tatiana Belen,Marini,25748303,1991-02-11,7568
Lautaro Lionel,Giordano,24062162,1996-08-22,4641
Angel David,Salvador,25949210,1983-05-23,196
Ignacio Martin,Sojero,23147335,2000-08-28,4356
Luis Alejandro,Fazzi,26316089,1980-05-05,8223
Priscila Ayelen,Nave,38086242,1983-10-14,354
Maria Candelaria,Rómulo,38232626,1997-01-29,9268
Rocio Valentina,D'Elia,35386318,1986-11-11,6577
Ramiro Agustin,Pereira,34629968,2004-03-23,1835
Alexis,Agüero,25034161,1996-11-26,1603
Jose Maria,Demichelis,27727011,2002-11-25,5279
Carlos Gabriel,Basile,36225368,2000-05-25,9919
Thiago Martin,Salamone,27175111,1984-03-18,9385
Bruno Nicolas,Basile,35926156,2000-05-18,7329
Luciana Valentina,González,38473550,1988-07-26,1499
Sofia Antonella,Castillo,36096201,1984-03-06,8165
Priscila Belen,Sosa,35567020,2001-10-15,8679
Uriel Alejandro,De León,29166713,1995-12-01,5631
David Alejandro,Reyes,29157247,1989-12-06,9650
Iara Valentina,Totora,23628012,1995-03-24,715
Priscila Aylen,D'Elia,23849867,1991-04-21,3079
Franco Sebastian,Fernández,28778813,1984-05-25,2778
Agustina Aylen,Morales,34459360,2004-02-11,910
Camila Ailen,Gonzales,27257864,1981-02-09,1905
Agustina Abigail,Huarte,31633823,1995-09-18,699
Dylan Gabriel,Rotman,29894134,1993-06-06,1921
Alejo Nicolas,Morales,30227485,1998-08-23,9094
Micaela Agustina,Salvador,29893577,1994-07-06,8679
Leandro Gabriel,Rivas,32855168,1999-02-28,4998
Dolores,Goicochea,20119915,1996-04-17,3285
Kevin Daniel,Pereyra,36672133,1982-06-24,2652
Maria Lourdes,Marchi,39428291,1991-09-11,8737
Elias Gabriel,Morales,29153635,1997-11-15,2460
Francesco,Vargas,38349300,1993-12-19,3734
Rocco,Huarte,20669325,2003-02-04,3560
Dylan Uriel,Hidalgo,21159560,1990-05-28,1469
Brisa Milagros,Maradona,28016336,1996-05-01,8252
Bianca Valentina,Duarte,26366909,1997-01-03,5781
Marcos Antonio,Castillo,22104244,1993-06-19,9219
Tomas Joaquin,Borges,26430603,2000-03-08,7132
Gonzalo Sebastian,Pereira,38970007,1983-11-21,4371
Tomàs Ariel,Pedone,20919803,1995-11-28,2206
Axel David,Nessi,33590276,1998-06-15,4684
Agostina Belén,Benítez,27989506,1991-07-20,9465
María Magdalena,Moreno,20982503,1988-07-21,4065
Lourdes Abril,Pereira,27854490,1998-07-21,1139
Juanita,Farina,33786030,1982-12-21,9765
Agustina Ayelen,Sojero,20283442,1999-07-10,4339
Geraldine,Casas,24339583,1986-10-23,931
Irina,Saldaña,27754852,1985-02-23,356
Ramiro Nicolas,León,33524997,1986-06-25,7075
Mateo Gabriel,Casares,20791332,1999-12-25,4625
Milagros Anahi,De Luca,28174211,2004-03-22,7776
Iara Abigail,Marchi,26341600,1982-04-17,6912
Candela Jazmin,Fernández,34416903,2001-05-02,7151
Bruno Ezequiel,Surace,21553590,1980-12-20,1112
Brisa Magalí,Basile,34250345,1984-09-15,3035
Francisco Tomas,Basile,20789179,1990-01-08,3519
Tomas Emanuel,Carrizo,21029211,1994-09-07,557
Joaquin Uriel,Sánchez,34112282,1981-07-31,7035
Maria Delfina,Muñoz,26375408,1990-02-04,6791